Order Date,Profit,Forecast(Profit),Lower Confidence Bound(Profit),Upper Confidence Bound(Profit)
01-04-2022,658,,,
02-04-2022,64,,,
03-04-2022,146,,,
04-04-2022,712,,,
05-04-2022,1151,,,
06-04-2022,247,,,
07-04-2022,-275,,,
08-04-2022,-213,,,
09-04-2022,-44,,,
10-04-2022,-54,,,
11-04-2022,-190,,,
12-04-2022,-234,,,
13-04-2022,-891,,,
14-04-2022,-492,,,
15-04-2022,1050,,,
16-04-2022,-3,,,
17-04-2022,433,,,
18-04-2022,1,,,
19-04-2022,721,,,
20-04-2022,-1,,,
21-04-2022,-624,,,
22-04-2022,95,,,
23-04-2022,254,,,
24-04-2022,-33,,,
25-04-2022,2,,,
26-04-2022,782,,,
27-04-2022,370,,,
28-04-2022,-266,,,
29-04-2022,-56,,,
30-04-2022,-1,,,
01-05-2022,202,,,
02-05-2022,113,,,
03-05-2022,1303,,,
04-05-2022,-15,,,
05-05-2022,122,,,
06-05-2022,-212,,,
07-05-2022,-1,,,
08-05-2022,802,,,
09-05-2022,0,,,
10-05-2022,-7,,,
11-05-2022,564,,,
12-05-2022,3,,,
13-05-2022,-77,,,
14-05-2022,5,,,
15-05-2022,980,,,
16-05-2022,-448,,,
17-05-2022,340,,,
18-05-2022,460,,,
19-05-2022,0,,,
20-05-2022,-439,,,
21-05-2022,106,,,
22-05-2022,-123,,,
23-05-2022,239,,,
24-05-2022,199,,,
25-05-2022,-2,,,
26-05-2022,624,,,
27-05-2022,206,,,
28-05-2022,-5,,,
29-05-2022,4,,,
30-05-2022,1864,,,
31-05-2022,147,,,
01-06-2022,2,,,
02-06-2022,-193,,,
03-06-2022,527,,,
04-06-2022,342,,,
05-06-2022,7,,,
06-06-2022,2,,,
07-06-2022,-12,,,
08-06-2022,536,,,
09-06-2022,-38,,,
10-06-2022,573,,,
11-06-2022,-16,,,
12-06-2022,-2,,,
13-06-2022,65,,,
14-06-2022,97,,,
15-06-2022,264,,,
16-06-2022,-13,,,
17-06-2022,73,,,
18-06-2022,-68,,,
19-06-2022,-2,,,
20-06-2022,-2,,,
21-06-2022,-916,,,
22-06-2022,-93,,,
23-06-2022,3,,,
24-06-2022,192,,,
25-06-2022,-72,,,
26-06-2022,67,,,
27-06-2022,24,,,
28-06-2022,16,,,
29-06-2022,-274,,,
30-06-2022,230,,,
01-07-2022,-640,,,
02-07-2022,486,,,
03-07-2022,-18,,,
04-07-2022,-13,,,
05-07-2022,-63,,,
06-07-2022,-706,,,
07-07-2022,170,,,
08-07-2022,-1,,,
09-07-2022,170,,,
10-07-2022,-1,,,
11-07-2022,-36,,,
12-07-2022,101,,,
13-07-2022,266,,,
14-07-2022,-48,,,
15-07-2022,-14,,,
16-07-2022,8,,,
17-07-2022,-307,,,
18-07-2022,199,,,
19-07-2022,119,,,
20-07-2022,0,,,
21-07-2022,8,,,
22-07-2022,-225,,,
23-07-2022,198,,,
24-07-2022,-40,,,
25-07-2022,-36,,,
26-07-2022,-2,,,
27-07-2022,0,,,
28-07-2022,267,,,
29-07-2022,-235,,,
30-07-2022,-1,,,
31-07-2022,-48,,,
01-08-2022,-209,,,
02-08-2022,-17,,,
03-08-2022,248,,,
04-08-2022,166,,,
05-08-2022,-9,,,
06-08-2022,395,,,
07-08-2022,303,,,
08-08-2022,1,,,
09-08-2022,56,,,
10-08-2022,-15,,,
11-08-2022,-100,,,
12-08-2022,-12,,,
13-08-2022,254,,,
14-08-2022,1,,,
15-08-2022,1,,,
16-08-2022,1,,,
17-08-2022,10,,,
18-08-2022,259,,,
19-08-2022,-187,,,
20-08-2022,-309,,,
21-08-2022,-213,,,
22-08-2022,15,,,
23-08-2022,-2,,,
24-08-2022,167,,,
25-08-2022,225,,,
26-08-2022,-316,,,
27-08-2022,316,,,
28-08-2022,208,,,
29-08-2022,-28,,,
30-08-2022,119,,,
31-08-2022,292,,,
01-09-2022,51,,,
02-09-2022,89,,,
03-09-2022,175,,,
04-09-2022,262,,,
05-09-2022,84,,,
06-09-2022,19,,,
07-09-2022,212,,,
08-09-2022,-424,,,
09-09-2022,8,,,
10-09-2022,2,,,
11-09-2022,-111,,,
12-09-2022,371,,,
13-09-2022,-73,,,
14-09-2022,-82,,,
15-09-2022,-152,,,
16-09-2022,9,,,
17-09-2022,371,,,
18-09-2022,198,,,
19-09-2022,107,,,
20-09-2022,91,,,
21-09-2022,3,,,
22-09-2022,204,,,
23-09-2022,9,,,
24-09-2022,392,,,
25-09-2022,116,,,
26-09-2022,84,,,
27-09-2022,213,,,
28-09-2022,12,,,
29-09-2022,11,,,
30-09-2022,12,,,
01-10-2022,-79,,,
02-10-2022,29,,,
03-10-2022,-11,,,
04-10-2022,151,,,
05-10-2022,8,,,
06-10-2022,3,,,
07-10-2022,0,,,
08-10-2022,114,,,
09-10-2022,11,,,
10-10-2022,-31,,,
11-10-2022,0,,,
12-10-2022,8,,,
13-10-2022,0,,,
14-10-2022,11,,,
15-10-2022,3,,,
16-10-2022,50,,,
17-10-2022,11,,,
18-10-2022,11,,,
19-10-2022,11,,,
20-10-2022,42,,,
21-10-2022,50,,,
22-10-2022,11,,,
23-10-2022,-459,,,
24-10-2022,547,,,
25-10-2022,0,,,
26-10-2022,11,,,
27-10-2022,-41,,,
28-10-2022,77,,,
29-10-2022,2,,,
30-10-2022,-90,,,
31-10-2022,-35,,,
01-11-2022,-37,,,
02-11-2022,148,,,
03-11-2022,53,,,
04-11-2022,-45,,,
05-11-2022,11,,,
06-11-2022,-50,,,
07-11-2022,-36,,,
08-11-2022,161,,,
09-11-2022,8,,,
10-11-2022,-272,,,
11-11-2022,4,,,
12-11-2022,357,,,
13-11-2022,70,,,
14-11-2022,49,,,
15-11-2022,48,,,
16-11-2022,-77,,,
17-11-2022,199,,,
18-11-2022,-45,,,
19-11-2022,50,,,
20-11-2022,-25,,,
21-11-2022,12,,,
22-11-2022,1,,,
23-11-2022,-314,,,
24-11-2022,2,,,
25-11-2022,8,,,
26-11-2022,13,,,
27-11-2022,412,,,
28-11-2022,-23,,,
29-11-2022,-5,,,
30-11-2022,27,,,
01-12-2022,-124,,,
02-12-2022,1,,,
03-12-2022,86,,,
04-12-2022,126,,,
05-12-2022,66,,,
06-12-2022,2,,,
07-12-2022,118,,,
08-12-2022,-56,,,
09-12-2022,14,,,
10-12-2022,111,,,
11-12-2022,93,,,
12-12-2022,-116,,,
13-12-2022,212,,,
14-12-2022,3,,,
15-12-2022,-22,,,
16-12-2022,6,,,
17-12-2022,-192,,,
18-12-2022,151,,,
19-12-2022,-16,,,
20-12-2022,-5,,,
21-12-2022,234,,,
22-12-2022,68,,,
23-12-2022,13,,,
24-12-2022,-13,,,
25-12-2022,88,,,
26-12-2022,144,,,
27-12-2022,143,,,
28-12-2022,84,,,
29-12-2022,-29,,,
30-12-2022,107,,,
31-12-2022,-100,,,
01-01-2023,-338,,,
02-01-2023,-47,,,
03-01-2023,199,,,
04-01-2023,-23,,,
05-01-2023,10,,,
06-01-2023,108,,,
07-01-2023,-103,,,
08-01-2023,-8,,,
09-01-2023,41,,,
10-01-2023,57,,,
11-01-2023,71,,,
12-01-2023,4,,,
13-01-2023,50,,,
14-01-2023,7,,,
15-01-2023,-15,,,
16-01-2023,114,,,
17-01-2023,6,,,
18-01-2023,32,,,
19-01-2023,-6,,,
20-01-2023,-33,,,
21-01-2023,-12,,,
22-01-2023,36,,,
23-01-2023,-312,,,
24-01-2023,25,,,
25-01-2023,62,,,
26-01-2023,72,,,
27-01-2023,5,,,
28-01-2023,-5,,,
29-01-2023,-200,,,
30-01-2023,26,,,
31-01-2023,0,,,
01-02-2023,17,,,
02-02-2023,113,,,
03-02-2023,74,,,
04-02-2023,7,,,
05-02-2023,225,,,
06-02-2023,17,,,
07-02-2023,93,,,
08-02-2023,-39,,,
09-02-2023,119,,,
10-02-2023,-66,,,
11-02-2023,15,,,
12-02-2023,61,,,
13-02-2023,128,,,
14-02-2023,3,,,
15-02-2023,-7,,,
16-02-2023,-87,,,
17-02-2023,91,,,
18-02-2023,5,,,
19-02-2023,2,,,
20-02-2023,-26,,,
21-02-2023,16,,,
22-02-2023,19,,,
23-02-2023,-63,,,
24-02-2023,97,,,
25-02-2023,7,,,
26-02-2023,68,,,
27-02-2023,19,,,
28-02-2023,13,,,
01-03-2023,30,,,
02-03-2023,251,,,
03-03-2023,0,,,
04-03-2023,-43,,,
05-03-2023,29,,,
06-03-2023,-26,,,
07-03-2023,-55,,,
08-03-2023,23,,,
09-03-2023,27,,,
10-03-2023,-32,,,
11-03-2023,3,,,
12-03-2023,76,,,
13-03-2023,14,,,
14-03-2023,-2,,,
15-03-2023,-3,,,
16-03-2023,119,,,
17-03-2023,100,,,
18-03-2023,-15,,,
19-03-2023,61,,,
20-03-2023,25,,,
21-03-2023,98,,,
22-03-2023,99,,,
23-03-2023,-78,,,
24-03-2023,30,,,
25-03-2023,0,,,
26-03-2023,1,,,
27-03-2023,-28,,,
28-03-2023,-122,,,
29-03-2023,83,,,
30-03-2023,4,,,
31-03-2023,180,,,
01-04-2023,14,,,
02-04-2023,-31,,,
03-04-2023,-20,,,
04-04-2023,-114,,,
05-04-2023,8,,,
06-04-2023,-14,,,
07-04-2023,-77,,,
08-04-2023,15,,,
09-04-2023,-10,,,
10-04-2023,6,,,
11-04-2023,24,,,
12-04-2023,-28,,,
13-04-2023,-30,,,
14-04-2023,18,,,
15-04-2023,-162,,,
16-04-2023,6,,,
17-04-2023,20,,,
18-04-2023,16,,,
19-04-2023,22,,,
20-04-2023,24,,,
21-04-2023,-10,,,
22-04-2023,-2,,,
23-04-2023,8,,,
24-04-2023,-345,,,
25-04-2023,0,,,
26-04-2023,-85,,,
27-04-2023,12,,,
28-04-2023,7,,,
29-04-2023,20,,,
30-04-2023,48,,,
01-05-2023,81,,,
02-05-2023,-38,,,
03-05-2023,-143,,,
04-05-2023,-33,,,
05-05-2023,21,,,
06-05-2023,87,,,
07-05-2023,27,,,
08-05-2023,39,,,
09-05-2023,18,,,
10-05-2023,62,,,
11-05-2023,2,,,
12-05-2023,6,,,
13-05-2023,-113,,,
14-05-2023,4,,,
15-05-2023,21,,,
16-05-2023,-27,,,
17-05-2023,0,,,
18-05-2023,-48,,,
19-05-2023,102,,,
20-05-2023,-8,,,
21-05-2023,-41,,,
22-05-2023,40,,,
23-05-2023,74,,,
24-05-2023,109,,,
25-05-2023,-83,,,
26-05-2023,-42,,,
27-05-2023,20,,,
28-05-2023,14,,,
29-05-2023,50,,,
30-05-2023,-30,,,
31-05-2023,8,,,
01-06-2023,-33,,,
02-06-2023,-30,,,
03-06-2023,4,,,
04-06-2023,21,,,
05-06-2023,3,,,
06-06-2023,62,,,
07-06-2023,62,,,
08-06-2023,24,,,
09-06-2023,-31,,,
10-06-2023,45,,,
11-06-2023,52,,,
12-06-2023,2,,,
13-06-2023,-63,,,
14-06-2023,-28,,,
15-06-2023,27,,,
16-06-2023,-21,,,
17-06-2023,6,,,
18-06-2023,111,,,
19-06-2023,2,,,
20-06-2023,-12,,,
21-06-2023,-86,,,
22-06-2023,-25,,,
23-06-2023,2,,,
24-06-2023,-206,,,
25-06-2023,8,,,
26-06-2023,-24,,,
27-06-2023,64,,,
28-06-2023,276,,,
29-06-2023,-46,,,
30-06-2023,-18,,,
01-07-2023,6,,,
02-07-2023,9,,,
03-07-2023,19,,,
04-07-2023,-16,,,
05-07-2023,0,,,
06-07-2023,-7,,,
07-07-2023,13,,,
08-07-2023,-117,,,
09-07-2023,-146,,,
10-07-2023,87,,,
11-07-2023,2,,,
12-07-2023,13,,,
13-07-2023,-25,,,
14-07-2023,47,,,
15-07-2023,-15,,,
16-07-2023,11,,,
17-07-2023,-26,,,
18-07-2023,8,,,
19-07-2023,9,,,
20-07-2023,-70,,,
21-07-2023,61,,,
22-07-2023,-25,,,
23-07-2023,-28,,,
24-07-2023,-13,,,
25-07-2023,-62,,,
26-07-2023,37,,,
27-07-2023,11,,,
28-07-2023,20,,,
29-07-2023,99,,,
30-07-2023,8,,,
31-07-2023,77,,,
01-08-2023,4,,,
02-08-2023,-70,,,
03-08-2023,69,,,
04-08-2023,2,,,
05-08-2023,-25,,,
06-08-2023,32,,,
07-08-2023,10,,,
08-08-2023,17,,,
09-08-2023,-46,,,
10-08-2023,-51,,,
11-08-2023,30,,,
12-08-2023,-59,,,
13-08-2023,17,,,
14-08-2023,63,,,
15-08-2023,-24,,,
16-08-2023,-25,,,
17-08-2023,20,,,
18-08-2023,0,,,
19-08-2023,35,,,
20-08-2023,-9,,,
21-08-2023,-23,,,
22-08-2023,-135,,,
23-08-2023,-21,,,
24-08-2023,-55,,,
25-08-2023,33,,,
26-08-2023,46,,,
27-08-2023,11,,,
28-08-2023,73,,,
29-08-2023,-22,,,
30-08-2023,55,,,
31-08-2023,-23,,,
01-09-2023,0,,,
02-09-2023,7,,,
03-09-2023,2,,,
04-09-2023,-229,,,
05-09-2023,19,,,
06-09-2023,-105,,,
07-09-2023,5,,,
08-09-2023,-22,,,
09-09-2023,40,,,
10-09-2023,4,,,
11-09-2023,-50,,,
12-09-2023,39,,,
13-09-2023,153,,,
14-09-2023,0,,,
15-09-2023,12,,,
16-09-2023,0,,,
17-09-2023,23,,,
18-09-2023,54,,,
19-09-2023,15,,,
20-09-2023,51,,,
21-09-2023,7,,,
22-09-2023,-1,,,
23-09-2023,22,,,
24-09-2023,23,,,
25-09-2023,50,,,
26-09-2023,-21,,,
27-09-2023,48,,,
28-09-2023,-87,,,
29-09-2023,20,,,
30-09-2023,-54,,,
01-10-2023,-15,,,
02-10-2023,32,,,
03-10-2023,12,,,
04-10-2023,-1,,,
05-10-2023,22,,,
06-10-2023,12,,,
07-10-2023,0,,,
08-10-2023,41,,,
09-10-2023,34,,,
10-10-2023,17,,,
11-10-2023,46,,,
12-10-2023,24,,,
13-10-2023,-17,,,
14-10-2023,-40,,,
15-10-2023,0,,,
16-10-2023,0,,,
17-10-2023,22,,,
18-10-2023,16,,,
19-10-2023,-275,,,
20-10-2023,0,,,
21-10-2023,-14,,,
22-10-2023,59,,,
23-10-2023,19,,,
24-10-2023,14,,,
25-10-2023,44,,,
26-10-2023,68,,,
27-10-2023,-56,,,
28-10-2023,48,,,
29-10-2023,12,,,
30-10-2023,8,,,
31-10-2023,19,,,
01-11-2023,-193,,,
02-11-2023,29,,,
03-11-2023,19,,,
04-11-2023,32,,,
05-11-2023,-1,,,
06-11-2023,12,,,
07-11-2023,-58,,,
08-11-2023,-48,,,
09-11-2023,6,,,
10-11-2023,14,,,
11-11-2023,14,,,
12-11-2023,14,,,
13-11-2023,36,,,
14-11-2023,30,,,
15-11-2023,21,,,
16-11-2023,-14,,,
17-11-2023,-3,,,
18-11-2023,13,,,
19-11-2023,12,,,
20-11-2023,22,,,
21-11-2023,5,,,
22-11-2023,-12,,,
23-11-2023,-34,,,
24-11-2023,42,,,
25-11-2023,-56,,,
26-11-2023,-84,,,
27-11-2023,-21,,,
28-11-2023,54,,,
29-11-2023,-10,,,
30-11-2023,-79,,,
01-12-2023,-65,,,
02-12-2023,5,,,
03-12-2023,12,,,
04-12-2023,-154,,,
05-12-2023,29,,,
06-12-2023,4,,,
07-12-2023,241,,,
08-12-2023,47,,,
09-12-2023,48,,,
10-12-2023,10,,,
11-12-2023,29,,,
12-12-2023,36,,,
13-12-2023,0,,,
14-12-2023,-8,,,
15-12-2023,54,,,
16-12-2023,17,,,
17-12-2023,11,,,
18-12-2023,-66,,,
19-12-2023,30,,,
20-12-2023,-11,,,
21-12-2023,59,,,
22-12-2023,19,,,
23-12-2023,1,,,
24-12-2023,23,,,
25-12-2023,-11,,,
26-12-2023,17,,,
27-12-2023,9,,,
28-12-2023,-6,,,
29-12-2023,54,,,
30-12-2023,-5,,,
31-12-2023,-103,,,
01-01-2024,16,,,
02-01-2024,-4,,,
03-01-2024,68,,,
04-01-2024,14,,,
05-01-2024,-39,,,
06-01-2024,7,,,
07-01-2024,8,,,
08-01-2024,14,,,
09-01-2024,-140,,,
10-01-2024,12,,,
11-01-2024,25,,,
12-01-2024,-9,,,
13-01-2024,47,,,
14-01-2024,-111,,,
15-01-2024,-7,,,
16-01-2024,41,,,
17-01-2024,9,,,
18-01-2024,-8,,,
19-01-2024,35,,,
20-01-2024,15,,,
21-01-2024,27,,,
22-01-2024,-6,,,
23-01-2024,-6,,,
24-01-2024,40,,,
25-01-2024,22,,,
26-01-2024,50,,,
27-01-2024,-8,,,
28-01-2024,17,,,
29-01-2024,46,,,
30-01-2024,20,,,
31-01-2024,-6,,,
01-02-2024,-33,,,
02-02-2024,25,,,
03-02-2024,-7,,,
04-02-2024,2,,,
05-02-2024,5,,,
06-02-2024,-7,,,
07-02-2024,-6,,,
08-02-2024,12,,,
09-02-2024,36,,,
10-02-2024,-6,,,
11-02-2024,33,,,
12-02-2024,-6,,,
13-02-2024,-90,,,
14-02-2024,11,,,
15-02-2024,-8,,,
16-02-2024,18,,,
17-02-2024,-6,,,
18-02-2024,18,,,
19-02-2024,5,,,
20-02-2024,2,,,
21-02-2024,69,,,
22-02-2024,0,,,
23-02-2024,16,,,
24-02-2024,37,,,
25-02-2024,36,,,
26-02-2024,-19,,,
27-02-2024,-54,,,
28-02-2024,-58,,,
29-02-2024,26,,,
01-03-2024,6,,,
02-03-2024,-23,,,
03-03-2024,17,,,
04-03-2024,26,,,
05-03-2024,9,,,
06-03-2024,29,,,
07-03-2024,-68,,,
08-03-2024,9,,,
09-03-2024,-62,,,
10-03-2024,35,,,
11-03-2024,17,,,
12-03-2024,15,,,
13-03-2024,20,,,
14-03-2024,-5,,,
15-03-2024,12,,,
16-03-2024,11,,,
17-03-2024,14,,,
18-03-2024,0,,,
19-03-2024,27,,,
20-03-2024,25,,,
21-03-2024,15,,,
22-03-2024,23,,,
23-03-2024,15,,,
24-03-2024,24,,,
25-03-2024,2,,,
26-03-2024,9,,,
27-03-2024,11,,,
28-03-2024,42,,,
29-03-2024,14,,,
30-03-2024,-10,,,
31-03-2024,-10,,,
01-04-2024,8,,,
02-04-2024,0,,,
03-04-2024,29,,,
04-04-2024,1,,,
05-04-2024,1,,,
06-04-2024,36,,,
07-04-2024,54,,,
08-04-2024,-5,,,
09-04-2024,73,,,
10-04-2024,35,,,
11-04-2024,56,,,
12-04-2024,27,,,
13-04-2024,1,,,
14-04-2024,-89,,,
15-04-2024,66,,,
16-04-2024,-37,,,
17-04-2024,11,,,
18-04-2024,41,,,
19-04-2024,20,,,
20-04-2024,-83,,,
21-04-2024,4,,,
22-04-2024,15,,,
23-04-2024,10,,,
24-04-2024,8,,,
25-04-2024,-32,,,
26-04-2024,-55,,,
27-04-2024,22,,,
28-04-2024,-3,,,
29-04-2024,-124,,,
30-04-2024,22,,,
01-05-2024,9,,,
02-05-2024,-9,,,
03-05-2024,-75,,,
04-05-2024,-42,,,
05-05-2024,-81,,,
06-05-2024,6,,,
07-05-2024,123,,,
08-05-2024,122,,,
09-05-2024,61,,,
10-05-2024,-3,,,
11-05-2024,10,,,
12-05-2024,15,,,
13-05-2024,0,,,
14-05-2024,49,,,
15-05-2024,12,,,
16-05-2024,13,,,
17-05-2024,56,,,
18-05-2024,19,,,
19-05-2024,38,,,
20-05-2024,-41,,,
21-05-2024,57,,,
22-05-2024,30,,,
23-05-2024,11,,,
24-05-2024,-124,,,
25-05-2024,41,,,
26-05-2024,16,,,
27-05-2024,20,,,
28-05-2024,6,,,
29-05-2024,36,,,
30-05-2024,-13,,,
31-05-2024,5,,,
01-06-2024,20,,,
02-06-2024,-42,,,
03-06-2024,27,,,
04-06-2024,7,,,
05-06-2024,-92,,,
06-06-2024,-50,,,
07-06-2024,19,,,
08-06-2024,29,,,
09-06-2024,-25,,,
10-06-2024,-63,,,
11-06-2024,-31,,,
12-06-2024,22,,,
13-06-2024,46,,,
14-06-2024,7,,,
15-06-2024,-41,,,
16-06-2024,41,,,
17-06-2024,21,,,
18-06-2024,-7,,,
19-06-2024,72,,,
20-06-2024,0,,,
21-06-2024,-13,,,
22-06-2024,25,,,
23-06-2024,-7,,,
24-06-2024,-104,,,
25-06-2024,-49,,,
26-06-2024,15,,,
27-06-2024,15,,,
28-06-2024,16,,,
29-06-2024,0,,,
30-06-2024,-14,,,
01-07-2024,-85,,,
02-07-2024,13,,,
03-07-2024,19,,,
04-07-2024,-3,,,
05-07-2024,-47,,,
06-07-2024,26,,,
07-07-2024,5,,,
08-07-2024,-86,,,
09-07-2024,-42,,,
10-07-2024,-101,,,
11-07-2024,38,,,
12-07-2024,-5,,,
13-07-2024,-17,,,
14-07-2024,-15,,,
15-07-2024,-4,,,
16-07-2024,-43,,,
17-07-2024,56,,,
18-07-2024,-5,,,
19-07-2024,25,,,
20-07-2024,22,,,
21-07-2024,-29,,,
22-07-2024,69,,,
23-07-2024,-52,,,
24-07-2024,-59,,,
25-07-2024,20,,,
26-07-2024,1,,,
27-07-2024,27,,,
28-07-2024,-113,,,
29-07-2024,43,,,
30-07-2024,17,,,
31-07-2024,14,,,
01-08-2024,0,,,
02-08-2024,28,,,
03-08-2024,6,,,
04-08-2024,-18,,,
05-08-2024,18,,,
06-08-2024,24,,,
07-08-2024,55,,,
08-08-2024,-8,,,
09-08-2024,-8,,,
10-08-2024,-56,,,
11-08-2024,21,,,
12-08-2024,6,,,
13-08-2024,1,,,
14-08-2024,11,,,
15-08-2024,-63,,,
16-08-2024,-3,,,
17-08-2024,28,,,
18-08-2024,-50,,,
19-08-2024,26,,,
20-08-2024,1,,,
21-08-2024,38,,,
22-08-2024,18,,,
23-08-2024,-23,,,
24-08-2024,14,,,
25-08-2024,-49,,,
26-08-2024,-11,,,
27-08-2024,26,,,
28-08-2024,86,,,
29-08-2024,-3,,,
30-08-2024,37,,,
31-08-2024,41,,,
01-09-2024,15,,,
02-09-2024,-14,,,
03-09-2024,-10,,,
04-09-2024,21,,,
05-09-2024,-11,,,
06-09-2024,0,,,
07-09-2024,12,,,
08-09-2024,13,,,
09-09-2024,5,,,
10-09-2024,-10,,,
11-09-2024,25,,,
12-09-2024,73,,,
13-09-2024,10,,,
14-09-2024,-21,,,
15-09-2024,-26,,,
16-09-2024,46,,,
17-09-2024,17,,,
18-09-2024,13,,,
19-09-2024,12,,,
20-09-2024,10,,,
21-09-2024,60,,,
22-09-2024,-52,,,
23-09-2024,3,,,
24-09-2024,-8,,,
25-09-2024,20,,,
26-09-2024,-166,,,
27-09-2024,0,,,
28-09-2024,89,,,
29-09-2024,17,,,
30-09-2024,-28,,,
01-10-2024,-94,,,
02-10-2024,-12,,,
03-10-2024,-12,,,
04-10-2024,17,,,
05-10-2024,24,,,
06-10-2024,14,,,
07-10-2024,17,,,
08-10-2024,22,,,
09-10-2024,27,,,
10-10-2024,-17,,,
11-10-2024,44,,,
12-10-2024,-65,,,
13-10-2024,5,,,
14-10-2024,27,,,
15-10-2024,7,,,
16-10-2024,21,,,
17-10-2024,4,,,
18-10-2024,-4,,,
19-10-2024,26,,,
20-10-2024,-119,,,
21-10-2024,51,,,
22-10-2024,18,,,
23-10-2024,0,,,
24-10-2024,16,,,
25-10-2024,58,,,
26-10-2024,8,,,
27-10-2024,36,,,
28-10-2024,4,,,
29-10-2024,-33,,,
30-10-2024,-1,,,
31-10-2024,56,,,
01-11-2024,73,,,
02-11-2024,-3,,,
03-11-2024,28,,,
04-11-2024,-19,,,
05-11-2024,29,,,
06-11-2024,4,,,
07-11-2024,12,,,
08-11-2024,5,,,
09-11-2024,-60,,,
10-11-2024,5,,,
11-11-2024,-145,,,
12-11-2024,4,,,
13-11-2024,-19,,,
14-11-2024,32,,,
15-11-2024,84,,,
16-11-2024,31,,,
17-11-2024,35,,,
18-11-2024,6,,,
19-11-2024,35,,,
20-11-2024,18,,,
21-11-2024,102,,,
22-11-2024,-39,,,
23-11-2024,33,,,
24-11-2024,6,,,
25-11-2024,6,,,
26-11-2024,27,,,
27-11-2024,41,,,
28-11-2024,-21,,,
29-11-2024,33,,,
30-11-2024,8,,,
01-12-2024,59,,,
02-12-2024,38,,,
03-12-2024,105,,,
04-12-2024,6,,,
05-12-2024,-11,,,
06-12-2024,-252,,,
07-12-2024,33,,,
08-12-2024,35,,,
09-12-2024,30,,,
10-12-2024,7,,,
11-12-2024,32,,,
12-12-2024,12,,,
13-12-2024,6,,,
14-12-2024,-3,,,
15-12-2024,5,,,
16-12-2024,-27,,,
17-12-2024,8,,,
18-12-2024,-27,,,
19-12-2024,36,,,
20-12-2024,15,,,
21-12-2024,1,,,
22-12-2024,38,,,
23-12-2024,215,,,
24-12-2024,-39,,,
25-12-2024,39,,,
26-12-2024,18,,,
27-12-2024,37,,,
28-12-2024,41,,,
29-12-2024,-49,,,
30-12-2024,-81,,,
31-12-2024,37,37,37.00,37.00
01-01-2025,,37,-278,352
02-01-2025,,37,-280,354
03-01-2025,,37,-282,355
04-01-2025,,37,-284,357
05-01-2025,,37,-285,359
06-01-2025,,37,-287,360
07-01-2025,,36,-289,362
08-01-2025,,36,-291,363
09-01-2025,,36,-293,365
10-01-2025,,36,-294,367
11-01-2025,,36,-296,369
12-01-2025,,36,-298,370
13-01-2025,,36,-300,372
14-01-2025,,36,-302,374
15-01-2025,,36,-304,376
16-01-2025,,36,-306,378
17-01-2025,,36,-308,379
18-01-2025,,36,-310,381
19-01-2025,,35,-312,383
20-01-2025,,35,-314,385
21-01-2025,,35,-317,387
22-01-2025,,35,-319,389
23-01-2025,,35,-321,391
24-01-2025,,35,-323,393
25-01-2025,,35,-325,395
26-01-2025,,35,-327,397
27-01-2025,,35,-330,399
28-01-2025,,35,-332,402
29-01-2025,,35,-334,404
30-01-2025,,35,-337,406
31-01-2025,,35,-339,408
01-02-2025,,34,-341,410
02-02-2025,,34,-344,412
03-02-2025,,34,-346,415
04-02-2025,,34,-349,417
05-02-2025,,34,-351,419
06-02-2025,,34,-353,422
07-02-2025,,34,-356,424
08-02-2025,,34,-358,426
09-02-2025,,34,-361,429
10-02-2025,,34,-363,431
11-02-2025,,34,-366,433
12-02-2025,,34,-369,436
13-02-2025,,34,-371,438
14-02-2025,,33,-374,441
15-02-2025,,33,-376,443
16-02-2025,,33,-379,446
17-02-2025,,33,-382,448
18-02-2025,,33,-384,451
19-02-2025,,33,-387,453
20-02-2025,,33,-390,456
21-02-2025,,33,-393,458
22-02-2025,,33,-395,461
23-02-2025,,33,-398,464
24-02-2025,,33,-401,466
25-02-2025,,33,-404,469
26-02-2025,,32,-407,472
27-02-2025,,32,-410,474
28-02-2025,,32,-412,477
01-03-2025,,32,-415,480
02-03-2025,,32,-418,483
03-03-2025,,32,-421,485
04-03-2025,,32,-424,488
05-03-2025,,32,-427,491
06-03-2025,,32,-430,494
07-03-2025,,32,-433,497
08-03-2025,,32,-436,499
09-03-2025,,32,-439,502
10-03-2025,,32,-442,505
11-03-2025,,31,-445,508
12-03-2025,,31,-448,511
13-03-2025,,31,-451,514
14-03-2025,,31,-455,517
15-03-2025,,31,-458,520
16-03-2025,,31,-461,523
17-03-2025,,31,-464,526
18-03-2025,,31,-467,529
19-03-2025,,31,-470,532
20-03-2025,,31,-474,535
21-03-2025,,31,-477,538
22-03-2025,,31,-480,541
23-03-2025,,30,-483,544
24-03-2025,,30,-487,547
25-03-2025,,30,-490,551
26-03-2025,,30,-493,554
27-03-2025,,30,-497,557
28-03-2025,,30,-500,560
29-03-2025,,30,-503,563
30-03-2025,,30,-507,566
31-03-2025,,30,-510,570
01-04-2025,,30,-513,573
02-04-2025,,30,-517,576
03-04-2025,,30,-520,579
04-04-2025,,30,-524,583
05-04-2025,,29,-527,586
06-04-2025,,29,-531,589
07-04-2025,,29,-534,593
08-04-2025,,29,-538,596
09-04-2025,,29,-541,599
10-04-2025,,29,-545,603
11-04-2025,,29,-548,606
12-04-2025,,29,-552,609
13-04-2025,,29,-555,613
14-04-2025,,29,-559,616
15-04-2025,,29,-562,620
16-04-2025,,29,-566,623
17-04-2025,,28,-570,627
18-04-2025,,28,-573,630
19-04-2025,,28,-577,634
20-04-2025,,28,-581,637
21-04-2025,,28,-584,641
22-04-2025,,28,-588,644
23-04-2025,,28,-592,648
24-04-2025,,28,-595,651
25-04-2025,,28,-599,655
26-04-2025,,28,-603,658
27-04-2025,,28,-607,662
28-04-2025,,28,-610,666
29-04-2025,,28,-614,669
30-04-2025,,27,-618,673
01-05-2025,,27,-622,676
02-05-2025,,27,-625,680
03-05-2025,,27,-629,684
04-05-2025,,27,-633,687
05-05-2025,,27,-637,691
06-05-2025,,27,-641,695
07-05-2025,,27,-645,699
08-05-2025,,27,-649,702
09-05-2025,,27,-652,706
10-05-2025,,27,-656,710
11-05-2025,,27,-660,713
12-05-2025,,27,-664,717
13-05-2025,,26,-668,721
14-05-2025,,26,-672,725
15-05-2025,,26,-676,729
16-05-2025,,26,-680,732
17-05-2025,,26,-684,736
18-05-2025,,26,-688,740
19-05-2025,,26,-692,744
20-05-2025,,26,-696,748
21-05-2025,,26,-700,752
22-05-2025,,26,-704,756
23-05-2025,,26,-708,760
24-05-2025,,26,-712,763
25-05-2025,,25,-716,767
26-05-2025,,25,-721,771
27-05-2025,,25,-725,775
28-05-2025,,25,-729,779
29-05-2025,,25,-733,783
30-05-2025,,25,-737,787
31-05-2025,,25,-741,791
01-06-2025,,25,-745,795
02-06-2025,,25,-749,799
03-06-2025,,25,-754,803
04-06-2025,,25,-758,807
05-06-2025,,25,-762,811
06-06-2025,,25,-766,815
07-06-2025,,24,-770,819
08-06-2025,,24,-775,823
09-06-2025,,24,-779,828
10-06-2025,,24,-783,832
11-06-2025,,24,-787,836
12-06-2025,,24,-792,840
13-06-2025,,24,-796,844
14-06-2025,,24,-800,848
15-06-2025,,24,-805,852
16-06-2025,,24,-809,856
17-06-2025,,24,-813,861
18-06-2025,,24,-818,865
19-06-2025,,23,-822,869
20-06-2025,,23,-826,873
21-06-2025,,23,-831,877
22-06-2025,,23,-835,882
23-06-2025,,23,-839,886
24-06-2025,,23,-844,890
25-06-2025,,23,-848,894
26-06-2025,,23,-853,899
27-06-2025,,23,-857,903
28-06-2025,,23,-862,907
29-06-2025,,23,-866,911
30-06-2025,,23,-870,916
01-07-2025,,23,-875,920
02-07-2025,,22,-879,924
03-07-2025,,22,-884,929
04-07-2025,,22,-888,933
05-07-2025,,22,-893,937
06-07-2025,,22,-897,942
07-07-2025,,22,-902,946
08-07-2025,,22,-906,950
09-07-2025,,22,-911,955
10-07-2025,,22,-916,959
11-07-2025,,22,-920,964
12-07-2025,,22,-925,968
13-07-2025,,22,-929,972
14-07-2025,,21,-934,977
15-07-2025,,21,-938,981
16-07-2025,,21,-943,986
17-07-2025,,21,-948,990
18-07-2025,,21,-952,995
19-07-2025,,21,-957,999
20-07-2025,,21,-962,1004
21-07-2025,,21,-966,1008
22-07-2025,,21,-971,1013
23-07-2025,,21,-976,1017
24-07-2025,,21,-980,1022
25-07-2025,,21,-985,1026
26-07-2025,,21,-990,1031
27-07-2025,,20,-994,1035
28-07-2025,,20,-999,1040
29-07-2025,,20,-1004,1044
30-07-2025,,20,-1009,1049
31-07-2025,,20,-1013,1054
01-08-2025,,20,-1018,1058
02-08-2025,,20,-1023,1063
03-08-2025,,20,-1028,1067
04-08-2025,,20,-1032,1072
05-08-2025,,20,-1037,1077
06-08-2025,,20,-1042,1081
07-08-2025,,20,-1047,1086
08-08-2025,,20,-1052,1091
09-08-2025,,19,-1056,1095
10-08-2025,,19,-1061,1100
11-08-2025,,19,-1066,1105
12-08-2025,,19,-1071,1109
13-08-2025,,19,-1076,1114
14-08-2025,,19,-1081,1119
15-08-2025,,19,-1085,1123
16-08-2025,,19,-1090,1128
17-08-2025,,19,-1095,1133
18-08-2025,,19,-1100,1138
19-08-2025,,19,-1105,1142
20-08-2025,,19,-1110,1147
21-08-2025,,18,-1115,1152
22-08-2025,,18,-1120,1157
23-08-2025,,18,-1125,1161
24-08-2025,,18,-1130,1166
25-08-2025,,18,-1135,1171
26-08-2025,,18,-1140,1176
27-08-2025,,18,-1145,1181
28-08-2025,,18,-1150,1185
29-08-2025,,18,-1155,1190
30-08-2025,,18,-1160,1195
31-08-2025,,18,-1165,1200
01-09-2025,,18,-1170,1205
02-09-2025,,18,-1175,1210
03-09-2025,,17,-1180,1215
04-09-2025,,17,-1185,1219
05-09-2025,,17,-1190,1224
06-09-2025,,17,-1195,1229
07-09-2025,,17,-1200,1234
08-09-2025,,17,-1205,1239
09-09-2025,,17,-1210,1244
10-09-2025,,17,-1215,1249
11-09-2025,,17,-1220,1254
12-09-2025,,17,-1225,1259
13-09-2025,,17,-1231,1264
14-09-2025,,17,-1236,1269
15-09-2025,,16,-1241,1274
16-09-2025,,16,-1246,1279
17-09-2025,,16,-1251,1284
18-09-2025,,16,-1256,1289
19-09-2025,,16,-1261,1294
20-09-2025,,16,-1267,1299
21-09-2025,,16,-1272,1304
22-09-2025,,16,-1277,1309
23-09-2025,,16,-1282,1314
24-09-2025,,16,-1287,1319
25-09-2025,,16,-1293,1324
26-09-2025,,16,-1298,1329
27-09-2025,,16,-1303,1334
28-09-2025,,15,-1308,1339
29-09-2025,,15,-1313,1344
30-09-2025,,15,-1319,1349
01-10-2025,,15,-1324,1354
02-10-2025,,15,-1329,1359
03-10-2025,,15,-1334,1365
04-10-2025,,15,-1340,1370
05-10-2025,,15,-1345,1375
06-10-2025,,15,-1350,1380
07-10-2025,,15,-1356,1385
08-10-2025,,15,-1361,1390
09-10-2025,,15,-1366,1395
10-10-2025,,15,-1372,1401
11-10-2025,,14,-1377,1406
12-10-2025,,14,-1382,1411
13-10-2025,,14,-1388,1416
14-10-2025,,14,-1393,1421
15-10-2025,,14,-1398,1427
16-10-2025,,14,-1404,1432
17-10-2025,,14,-1409,1437
18-10-2025,,14,-1414,1442
19-10-2025,,14,-1420,1447
20-10-2025,,14,-1425,1453
21-10-2025,,14,-1431,1458
22-10-2025,,14,-1436,1463
23-10-2025,,13,-1441,1468
24-10-2025,,13,-1447,1474
25-10-2025,,13,-1452,1479
26-10-2025,,13,-1458,1484
27-10-2025,,13,-1463,1490
28-10-2025,,13,-1469,1495
29-10-2025,,13,-1474,1500
30-10-2025,,13,-1480,1505
31-10-2025,,13,-1485,1511
01-11-2025,,13,-1491,1516
02-11-2025,,13,-1496,1521
03-11-2025,,13,-1502,1527
04-11-2025,,13,-1507,1532
05-11-2025,,12,-1513,1538
06-11-2025,,12,-1518,1543
07-11-2025,,12,-1524,1548
08-11-2025,,12,-1529,1554
09-11-2025,,12,-1535,1559
10-11-2025,,12,-1540,1564
11-11-2025,,12,-1546,1570
12-11-2025,,12,-1551,1575
13-11-2025,,12,-1557,1581
14-11-2025,,12,-1563,1586
15-11-2025,,12,-1568,1591
16-11-2025,,12,-1574,1597
17-11-2025,,11,-1579,1602
18-11-2025,,11,-1585,1608
19-11-2025,,11,-1591,1613
20-11-2025,,11,-1596,1619
21-11-2025,,11,-1602,1624
22-11-2025,,11,-1608,1630
23-11-2025,,11,-1613,1635
24-11-2025,,11,-1619,1641
25-11-2025,,11,-1624,1646
26-11-2025,,11,-1630,1652
27-11-2025,,11,-1636,1657
28-11-2025,,11,-1642,1663
29-11-2025,,11,-1647,1668
30-11-2025,,10,-1653,1674
01-12-2025,,10,-1659,1679
02-12-2025,,10,-1664,1685
03-12-2025,,10,-1670,1690
04-12-2025,,10,-1676,1696
05-12-2025,,10,-1681,1702
06-12-2025,,10,-1687,1707
07-12-2025,,10,-1693,1713
08-12-2025,,10,-1699,1718
09-12-2025,,10,-1704,1724
10-12-2025,,10,-1710,1730
11-12-2025,,10,-1716,1735
12-12-2025,,9,-1722,1741
13-12-2025,,9,-1728,1746
14-12-2025,,9,-1733,1752
15-12-2025,,9,-1739,1758
16-12-2025,,9,-1745,1763
17-12-2025,,9,-1751,1769
18-12-2025,,9,-1757,1775
19-12-2025,,9,-1762,1780
20-12-2025,,9,-1768,1786
21-12-2025,,9,-1774,1792
22-12-2025,,9,-1780,1797
23-12-2025,,9,-1786,1803
24-12-2025,,9,-1792,1809
25-12-2025,,8,-1797,1814
26-12-2025,,8,-1803,1820
27-12-2025,,8,-1809,1826
28-12-2025,,8,-1815,1832
29-12-2025,,8,-1821,1837
30-12-2025,,8,-1827,1843
31-12-2025,,8,-1833,1849
01-01-2026,,8,-1839,1855
02-01-2026,,8,-1845,1860
03-01-2026,,8,-1851,1866
04-01-2026,,8,-1857,1872
05-01-2026,,8,-1862,1878
06-01-2026,,8,-1868,1883
07-01-2026,,7,-1874,1889
08-01-2026,,7,-1880,1895
09-01-2026,,7,-1886,1901
10-01-2026,,7,-1892,1907
11-01-2026,,7,-1898,1912
12-01-2026,,7,-1904,1918
13-01-2026,,7,-1910,1924
14-01-2026,,7,-1916,1930
15-01-2026,,7,-1922,1936
16-01-2026,,7,-1928,1942
17-01-2026,,7,-1934,1947
18-01-2026,,7,-1940,1953
19-01-2026,,6,-1946,1959
20-01-2026,,6,-1952,1965
21-01-2026,,6,-1958,1971
22-01-2026,,6,-1964,1977
23-01-2026,,6,-1970,1983
24-01-2026,,6,-1977,1989
25-01-2026,,6,-1983,1995
26-01-2026,,6,-1989,2001
27-01-2026,,6,-1995,2006
28-01-2026,,6,-2001,2012
29-01-2026,,6,-2007,2018
30-01-2026,,6,-2013,2024
31-01-2026,,6,-2019,2030
01-02-2026,,5,-2025,2036
02-02-2026,,5,-2031,2042
03-02-2026,,5,-2038,2048
04-02-2026,,5,-2044,2054
05-02-2026,,5,-2050,2060
06-02-2026,,5,-2056,2066
07-02-2026,,5,-2062,2072
08-02-2026,,5,-2068,2078
09-02-2026,,5,-2074,2084
10-02-2026,,5,-2081,2090
11-02-2026,,5,-2087,2096
12-02-2026,,5,-2093,2102
13-02-2026,,4,-2099,2108
14-02-2026,,4,-2105,2114
15-02-2026,,4,-2112,2120
16-02-2026,,4,-2118,2126
17-02-2026,,4,-2124,2132
18-02-2026,,4,-2130,2138
19-02-2026,,4,-2136,2144
20-02-2026,,4,-2143,2150
21-02-2026,,4,-2149,2157
22-02-2026,,4,-2155,2163
23-02-2026,,4,-2161,2169
24-02-2026,,4,-2168,2175
25-02-2026,,4,-2174,2181
26-02-2026,,3,-2180,2187
27-02-2026,,3,-2186,2193
28-02-2026,,3,-2193,2199
01-03-2026,,3,-2199,2205
02-03-2026,,3,-2205,2212
03-03-2026,,3,-2212,2218
04-03-2026,,3,-2218,2224
05-03-2026,,3,-2224,2230
06-03-2026,,3,-2231,2236
07-03-2026,,3,-2237,2242
08-03-2026,,3,-2243,2249
09-03-2026,,3,-2250,2255
10-03-2026,,3,-2256,2261
11-03-2026,,2,-2262,2267
12-03-2026,,2,-2269,2273
13-03-2026,,2,-2275,2279
14-03-2026,,2,-2281,2286
15-03-2026,,2,-2288,2292
16-03-2026,,2,-2294,2298
17-03-2026,,2,-2300,2304
18-03-2026,,2,-2307,2311
19-03-2026,,2,-2313,2317
20-03-2026,,2,-2320,2323
21-03-2026,,2,-2326,2329
22-03-2026,,2,-2332,2336
23-03-2026,,1,-2339,2342
24-03-2026,,1,-2345,2348
25-03-2026,,1,-2352,2354
26-03-2026,,1,-2358,2361
27-03-2026,,1,-2365,2367
28-03-2026,,1,-2371,2373
29-03-2026,,1,-2378,2380
30-03-2026,,1,-2384,2386
31-03-2026,,1,-2390,2392
01-04-2026,,1,-2397,2398
02-04-2026,,1,-2403,2405
03-04-2026,,1,-2410,2411
04-04-2026,,1,-2416,2417
05-04-2026,,0,-2423,2424
06-04-2026,,0,-2429,2430
07-04-2026,,0,-2436,2437
08-04-2026,,0,-2442,2443
09-04-2026,,0,-2449,2449
10-04-2026,,0,-2456,2456
11-04-2026,,0,-2462,2462
12-04-2026,,0,-2469,2468
13-04-2026,,0,-2475,2475
14-04-2026,,0,-2482,2481
15-04-2026,,0,-2488,2488
16-04-2026,,0,-2495,2494
17-04-2026,,-1,-2501,2500
18-04-2026,,-1,-2508,2507
19-04-2026,,-1,-2515,2513
20-04-2026,,-1,-2521,2520
21-04-2026,,-1,-2528,2526
22-04-2026,,-1,-2534,2533
23-04-2026,,-1,-2541,2539
24-04-2026,,-1,-2548,2545
25-04-2026,,-1,-2554,2552
26-04-2026,,-1,-2561,2558
27-04-2026,,-1,-2567,2565
28-04-2026,,-1,-2574,2571
29-04-2026,,-1,-2581,2578
30-04-2026,,-2,-2587,2584
01-05-2026,,-2,-2594,2591
02-05-2026,,-2,-2601,2597
03-05-2026,,-2,-2607,2604
04-05-2026,,-2,-2614,2610
05-05-2026,,-2,-2621,2617
06-05-2026,,-2,-2627,2623
07-05-2026,,-2,-2634,2630
08-05-2026,,-2,-2641,2636
09-05-2026,,-2,-2647,2643
10-05-2026,,-2,-2654,2649
11-05-2026,,-2,-2661,2656
12-05-2026,,-3,-2668,2663
13-05-2026,,-3,-2674,2669
14-05-2026,,-3,-2681,2676
15-05-2026,,-3,-2688,2682
16-05-2026,,-3,-2695,2689
17-05-2026,,-3,-2701,2695
18-05-2026,,-3,-2708,2702
19-05-2026,,-3,-2715,2709
20-05-2026,,-3,-2722,2715
21-05-2026,,-3,-2728,2722
22-05-2026,,-3,-2735,2728
23-05-2026,,-3,-2742,2735
24-05-2026,,-3,-2749,2742
25-05-2026,,-4,-2755,2748
26-05-2026,,-4,-2762,2755
27-05-2026,,-4,-2769,2762
28-05-2026,,-4,-2776,2768
29-05-2026,,-4,-2783,2775
30-05-2026,,-4,-2789,2782
31-05-2026,,-4,-2796,2788
01-06-2026,,-4,-2803,2795
02-06-2026,,-4,-2810,2802
03-06-2026,,-4,-2817,2808
04-06-2026,,-4,-2824,2815
05-06-2026,,-4,-2830,2822
06-06-2026,,-4,-2837,2828
07-06-2026,,-5,-2844,2835
08-06-2026,,-5,-2851,2842
09-06-2026,,-5,-2858,2848
10-06-2026,,-5,-2865,2855
11-06-2026,,-5,-2872,2862
12-06-2026,,-5,-2879,2869
13-06-2026,,-5,-2885,2875
14-06-2026,,-5,-2892,2882
15-06-2026,,-5,-2899,2889
16-06-2026,,-5,-2906,2896
17-06-2026,,-5,-2913,2902
18-06-2026,,-5,-2920,2909
19-06-2026,,-6,-2927,2916
20-06-2026,,-6,-2934,2923
21-06-2026,,-6,-2941,2929
22-06-2026,,-6,-2948,2936
23-06-2026,,-6,-2955,2943
24-06-2026,,-6,-2962,2950
25-06-2026,,-6,-2969,2957
26-06-2026,,-6,-2976,2963
27-06-2026,,-6,-2983,2970
28-06-2026,,-6,-2990,2977
29-06-2026,,-6,-2997,2984
30-06-2026,,-6,-3004,2991
01-07-2026,,-6,-3011,2998
02-07-2026,,-7,-3018,3004
03-07-2026,,-7,-3025,3011
04-07-2026,,-7,-3032,3018
05-07-2026,,-7,-3039,3025
06-07-2026,,-7,-3046,3032
07-07-2026,,-7,-3053,3039
08-07-2026,,-7,-3060,3046
09-07-2026,,-7,-3067,3053
10-07-2026,,-7,-3074,3059
11-07-2026,,-7,-3081,3066
12-07-2026,,-7,-3088,3073
13-07-2026,,-7,-3095,3080
14-07-2026,,-8,-3102,3087
15-07-2026,,-8,-3109,3094
16-07-2026,,-8,-3116,3101
17-07-2026,,-8,-3123,3108
18-07-2026,,-8,-3130,3115
19-07-2026,,-8,-3137,3122
20-07-2026,,-8,-3145,3129
21-07-2026,,-8,-3152,3136
22-07-2026,,-8,-3159,3142
23-07-2026,,-8,-3166,3149
24-07-2026,,-8,-3173,3156
25-07-2026,,-8,-3180,3163
26-07-2026,,-8,-3187,3170
27-07-2026,,-9,-3194,3177
28-07-2026,,-9,-3202,3184
29-07-2026,,-9,-3209,3191
30-07-2026,,-9,-3216,3198
31-07-2026,,-9,-3223,3205
01-08-2026,,-9,-3230,3212
02-08-2026,,-9,-3237,3219
03-08-2026,,-9,-3244,3226
04-08-2026,,-9,-3252,3233
05-08-2026,,-9,-3259,3240
06-08-2026,,-9,-3266,3247
07-08-2026,,-9,-3273,3254
08-08-2026,,-10,-3280,3261
09-08-2026,,-10,-3288,3268
10-08-2026,,-10,-3295,3276
11-08-2026,,-10,-3302,3283
12-08-2026,,-10,-3309,3290
13-08-2026,,-10,-3317,3297
14-08-2026,,-10,-3324,3304
15-08-2026,,-10,-3331,3311
16-08-2026,,-10,-3338,3318
17-08-2026,,-10,-3345,3325
18-08-2026,,-10,-3353,3332
19-08-2026,,-10,-3360,3339
20-08-2026,,-10,-3367,3346
21-08-2026,,-11,-3375,3353
22-08-2026,,-11,-3382,3361
23-08-2026,,-11,-3389,3368
24-08-2026,,-11,-3396,3375
25-08-2026,,-11,-3404,3382
26-08-2026,,-11,-3411,3389
27-08-2026,,-11,-3418,3396
28-08-2026,,-11,-3426,3403
29-08-2026,,-11,-3433,3411
30-08-2026,,-11,-3440,3418
31-08-2026,,-11,-3448,3425
01-09-2026,,-11,-3455,3432
02-09-2026,,-11,-3462,3439
03-09-2026,,-12,-3470,3446
04-09-2026,,-12,-3477,3454
05-09-2026,,-12,-3484,3461
06-09-2026,,-12,-3492,3468
07-09-2026,,-12,-3499,3475
08-09-2026,,-12,-3506,3482
09-09-2026,,-12,-3514,3490
10-09-2026,,-12,-3521,3497
11-09-2026,,-12,-3528,3504
12-09-2026,,-12,-3536,3511
13-09-2026,,-12,-3543,3518
14-09-2026,,-12,-3551,3526
15-09-2026,,-13,-3558,3533
16-09-2026,,-13,-3565,3540
17-09-2026,,-13,-3573,3547
18-09-2026,,-13,-3580,3555
19-09-2026,,-13,-3588,3562
20-09-2026,,-13,-3595,3569
21-09-2026,,-13,-3602,3576
22-09-2026,,-13,-3610,3584
23-09-2026,,-13,-3617,3591
24-09-2026,,-13,-3625,3598
25-09-2026,,-13,-3632,3606
26-09-2026,,-13,-3640,3613
27-09-2026,,-13,-3647,3620
28-09-2026,,-14,-3655,3627
29-09-2026,,-14,-3662,3635
30-09-2026,,-14,-3670,3642
01-10-2026,,-14,-3677,3649
02-10-2026,,-14,-3685,3657
03-10-2026,,-14,-3692,3664
04-10-2026,,-14,-3700,3671
05-10-2026,,-14,-3707,3679
06-10-2026,,-14,-3715,3686
07-10-2026,,-14,-3722,3693
08-10-2026,,-14,-3730,3701
09-10-2026,,-14,-3737,3708
10-10-2026,,-15,-3745,3716
11-10-2026,,-15,-3752,3723
12-10-2026,,-15,-3760,3730
13-10-2026,,-15,-3767,3738
14-10-2026,,-15,-3775,3745
15-10-2026,,-15,-3782,3752
16-10-2026,,-15,-3790,3760
17-10-2026,,-15,-3797,3767
18-10-2026,,-15,-3805,3775
19-10-2026,,-15,-3813,3782
20-10-2026,,-15,-3820,3790
21-10-2026,,-15,-3828,3797
22-10-2026,,-15,-3835,3804
23-10-2026,,-16,-3843,3812
24-10-2026,,-16,-3851,3819
25-10-2026,,-16,-3858,3827
26-10-2026,,-16,-3866,3834
27-10-2026,,-16,-3873,3842
28-10-2026,,-16,-3881,3849
29-10-2026,,-16,-3889,3857
30-10-2026,,-16,-3896,3864
31-10-2026,,-16,-3904,3871
01-11-2026,,-16,-3911,3879
02-11-2026,,-16,-3919,3886
03-11-2026,,-16,-3927,3894
04-11-2026,,-16,-3934,3901
05-11-2026,,-17,-3942,3909
06-11-2026,,-17,-3950,3916
07-11-2026,,-17,-3957,3924
08-11-2026,,-17,-3965,3931
09-11-2026,,-17,-3973,3939
10-11-2026,,-17,-3980,3946
11-11-2026,,-17,-3988,3954
12-11-2026,,-17,-3996,3962
13-11-2026,,-17,-4003,3969
14-11-2026,,-17,-4011,3977
15-11-2026,,-17,-4019,3984
16-11-2026,,-17,-4027,3992
17-11-2026,,-18,-4034,3999
18-11-2026,,-18,-4042,4007
19-11-2026,,-18,-4050,4014
20-11-2026,,-18,-4058,4022
21-11-2026,,-18,-4065,4030
22-11-2026,,-18,-4073,4037
23-11-2026,,-18,-4081,4045
24-11-2026,,-18,-4088,4052
25-11-2026,,-18,-4096,4060
26-11-2026,,-18,-4104,4067
27-11-2026,,-18,-4112,4075
28-11-2026,,-18,-4120,4083
29-11-2026,,-18,-4127,4090
30-11-2026,,-19,-4135,4098
01-12-2026,,-19,-4143,4106
02-12-2026,,-19,-4151,4113
03-12-2026,,-19,-4158,4121
04-12-2026,,-19,-4166,4128
05-12-2026,,-19,-4174,4136
06-12-2026,,-19,-4182,4144
07-12-2026,,-19,-4190,4151
08-12-2026,,-19,-4197,4159
09-12-2026,,-19,-4205,4167
10-12-2026,,-19,-4213,4174
11-12-2026,,-19,-4221,4182
12-12-2026,,-20,-4229,4190
13-12-2026,,-20,-4237,4197
14-12-2026,,-20,-4245,4205
15-12-2026,,-20,-4252,4213
16-12-2026,,-20,-4260,4221
17-12-2026,,-20,-4268,4228
18-12-2026,,-20,-4276,4236
19-12-2026,,-20,-4284,4244
20-12-2026,,-20,-4292,4251
21-12-2026,,-20,-4300,4259
22-12-2026,,-20,-4307,4267
23-12-2026,,-20,-4315,4275
24-12-2026,,-20,-4323,4282
25-12-2026,,-21,-4331,4290
26-12-2026,,-21,-4339,4298
27-12-2026,,-21,-4347,4306
28-12-2026,,-21,-4355,4313
29-12-2026,,-21,-4363,4321
30-12-2026,,-21,-4371,4329
31-12-2026,,-21,-4379,4337
01-01-2027,,-21,-4387,4344
02-01-2027,,-21,-4395,4352
03-01-2027,,-21,-4402,4360
04-01-2027,,-21,-4410,4368
05-01-2027,,-21,-4418,4376
06-01-2027,,-22,-4426,4383
07-01-2027,,-22,-4434,4391
08-01-2027,,-22,-4442,4399
09-01-2027,,-22,-4450,4407
10-01-2027,,-22,-4458,4415
11-01-2027,,-22,-4466,4422
12-01-2027,,-22,-4474,4430
13-01-2027,,-22,-4482,4438
14-01-2027,,-22,-4490,4446
15-01-2027,,-22,-4498,4454
16-01-2027,,-22,-4506,4462
17-01-2027,,-22,-4514,4469
18-01-2027,,-22,-4522,4477
19-01-2027,,-23,-4530,4485
20-01-2027,,-23,-4538,4493
21-01-2027,,-23,-4546,4501
22-01-2027,,-23,-4554,4509
23-01-2027,,-23,-4562,4517
24-01-2027,,-23,-4570,4525
25-01-2027,,-23,-4578,4532
26-01-2027,,-23,-4587,4540
27-01-2027,,-23,-4595,4548
28-01-2027,,-23,-4603,4556
29-01-2027,,-23,-4611,4564
30-01-2027,,-23,-4619,4572
31-01-2027,,-23,-4627,4580
01-02-2027,,-24,-4635,4588
02-02-2027,,-24,-4643,4596
03-02-2027,,-24,-4651,4604
04-02-2027,,-24,-4659,4612
05-02-2027,,-24,-4667,4620
06-02-2027,,-24,-4675,4627
07-02-2027,,-24,-4684,4635
08-02-2027,,-24,-4692,4643
09-02-2027,,-24,-4700,4651
10-02-2027,,-24,-4708,4659
11-02-2027,,-24,-4716,4667
12-02-2027,,-24,-4724,4675
13-02-2027,,-25,-4732,4683
14-02-2027,,-25,-4740,4691
15-02-2027,,-25,-4749,4699
16-02-2027,,-25,-4757,4707
17-02-2027,,-25,-4765,4715
18-02-2027,,-25,-4773,4723
19-02-2027,,-25,-4781,4731
20-02-2027,,-25,-4789,4739
21-02-2027,,-25,-4798,4747
22-02-2027,,-25,-4806,4755
23-02-2027,,-25,-4814,4763
24-02-2027,,-25,-4822,4771
25-02-2027,,-25,-4830,4779
26-02-2027,,-26,-4838,4787
27-02-2027,,-26,-4847,4795
28-02-2027,,-26,-4855,4803
01-03-2027,,-26,-4863,4812
02-03-2027,,-26,-4871,4820
03-03-2027,,-26,-4880,4828
04-03-2027,,-26,-4888,4836
05-03-2027,,-26,-4896,4844
06-03-2027,,-26,-4904,4852
07-03-2027,,-26,-4912,4860
08-03-2027,,-26,-4921,4868
09-03-2027,,-26,-4929,4876
10-03-2027,,-27,-4937,4884
11-03-2027,,-27,-4945,4892
12-03-2027,,-27,-4954,4900
13-03-2027,,-27,-4962,4908
14-03-2027,,-27,-4970,4917
15-03-2027,,-27,-4979,4925
16-03-2027,,-27,-4987,4933
17-03-2027,,-27,-4995,4941
18-03-2027,,-27,-5003,4949
19-03-2027,,-27,-5012,4957
20-03-2027,,-27,-5020,4965
21-03-2027,,-27,-5028,4974
22-03-2027,,-27,-5037,4982
23-03-2027,,-28,-5045,4990
24-03-2027,,-28,-5053,4998
25-03-2027,,-28,-5062,5006
26-03-2027,,-28,-5070,5014
27-03-2027,,-28,-5078,5022
28-03-2027,,-28,-5087,5031
29-03-2027,,-28,-5095,5039
30-03-2027,,-28,-5103,5047
31-03-2027,,-28,-5112,5055
01-04-2027,,-28,-5120,5063
02-04-2027,,-28,-5128,5072
03-04-2027,,-28,-5137,5080
04-04-2027,,-29,-5145,5088
05-04-2027,,-29,-5153,5096
06-04-2027,,-29,-5162,5104
07-04-2027,,-29,-5170,5113
08-04-2027,,-29,-5179,5121
09-04-2027,,-29,-5187,5129
10-04-2027,,-29,-5195,5137
11-04-2027,,-29,-5204,5146
12-04-2027,,-29,-5212,5154
13-04-2027,,-29,-5221,5162
14-04-2027,,-29,-5229,5170
15-04-2027,,-29,-5237,5179
16-04-2027,,-29,-5246,5187
17-04-2027,,-30,-5254,5195
18-04-2027,,-30,-5263,5203
19-04-2027,,-30,-5271,5212
20-04-2027,,-30,-5280,5220
21-04-2027,,-30,-5288,5228
22-04-2027,,-30,-5296,5237
23-04-2027,,-30,-5305,5245
24-04-2027,,-30,-5313,5253
25-04-2027,,-30,-5322,5261
26-04-2027,,-30,-5330,5270
27-04-2027,,-30,-5339,5278
28-04-2027,,-30,-5347,5286
29-04-2027,,-30,-5356,5295
30-04-2027,,-31,-5364,5303
01-05-2027,,-31,-5373,5311
02-05-2027,,-31,-5381,5320
03-05-2027,,-31,-5390,5328
04-05-2027,,-31,-5398,5336
05-05-2027,,-31,-5407,5345
06-05-2027,,-31,-5415,5353
07-05-2027,,-31,-5424,5361
08-05-2027,,-31,-5432,5370
09-05-2027,,-31,-5441,5378
10-05-2027,,-31,-5449,5386
11-05-2027,,-31,-5458,5395
12-05-2027,,-32,-5466,5403
13-05-2027,,-32,-5475,5412
14-05-2027,,-32,-5483,5420
15-05-2027,,-32,-5492,5428
16-05-2027,,-32,-5500,5437
17-05-2027,,-32,-5509,5445
18-05-2027,,-32,-5518,5454
19-05-2027,,-32,-5526,5462
20-05-2027,,-32,-5535,5470
21-05-2027,,-32,-5543,5479
22-05-2027,,-32,-5552,5487
23-05-2027,,-32,-5560,5496
24-05-2027,,-32,-5569,5504
25-05-2027,,-33,-5578,5513
26-05-2027,,-33,-5586,5521
27-05-2027,,-33,-5595,5529
28-05-2027,,-33,-5603,5538
29-05-2027,,-33,-5612,5546
30-05-2027,,-33,-5621,5555
31-05-2027,,-33,-5629,5563
01-06-2027,,-33,-5638,5572
02-06-2027,,-33,-5647,5580
03-06-2027,,-33,-5655,5589
04-06-2027,,-33,-5664,5597
05-06-2027,,-33,-5673,5606
06-06-2027,,-34,-5681,5614
07-06-2027,,-34,-5690,5623
08-06-2027,,-34,-5698,5631
09-06-2027,,-34,-5707,5640
10-06-2027,,-34,-5716,5648
11-06-2027,,-34,-5724,5657
12-06-2027,,-34,-5733,5665
13-06-2027,,-34,-5742,5674
14-06-2027,,-34,-5750,5682
15-06-2027,,-34,-5759,5691
16-06-2027,,-34,-5768,5699
17-06-2027,,-34,-5777,5708
18-06-2027,,-34,-5785,5716
19-06-2027,,-35,-5794,5725
20-06-2027,,-35,-5803,5733
21-06-2027,,-35,-5811,5742
22-06-2027,,-35,-5820,5751
23-06-2027,,-35,-5829,5759
24-06-2027,,-35,-5838,5768
25-06-2027,,-35,-5846,5776
26-06-2027,,-35,-5855,5785
27-06-2027,,-35,-5864,5793
28-06-2027,,-35,-5872,5802
29-06-2027,,-35,-5881,5811
30-06-2027,,-35,-5890,5819
01-07-2027,,-35,-5899,5828
02-07-2027,,-36,-5907,5836
03-07-2027,,-36,-5916,5845
04-07-2027,,-36,-5925,5854
05-07-2027,,-36,-5934,5862
06-07-2027,,-36,-5943,5871
07-07-2027,,-36,-5951,5879
08-07-2027,,-36,-5960,5888
09-07-2027,,-36,-5969,5897
10-07-2027,,-36,-5978,5905
11-07-2027,,-36,-5987,5914
12-07-2027,,-36,-5995,5923
13-07-2027,,-36,-6004,5931
14-07-2027,,-37,-6013,5940
15-07-2027,,-37,-6022,5949
16-07-2027,,-37,-6031,5957
17-07-2027,,-37,-6039,5966
18-07-2027,,-37,-6048,5975
19-07-2027,,-37,-6057,5983
20-07-2027,,-37,-6066,5992
21-07-2027,,-37,-6075,6001
22-07-2027,,-37,-6084,6009
23-07-2027,,-37,-6092,6018
24-07-2027,,-37,-6101,6027
25-07-2027,,-37,-6110,6035
26-07-2027,,-37,-6119,6044
27-07-2027,,-38,-6128,6053
28-07-2027,,-38,-6137,6061
29-07-2027,,-38,-6146,6070
30-07-2027,,-38,-6155,6079
31-07-2027,,-38,-6163,6088
01-08-2027,,-38,-6172,6096
02-08-2027,,-38,-6181,6105
03-08-2027,,-38,-6190,6114
04-08-2027,,-38,-6199,6123
05-08-2027,,-38,-6208,6131
06-08-2027,,-38,-6217,6140
07-08-2027,,-38,-6226,6149
08-08-2027,,-39,-6235,6158
09-08-2027,,-39,-6244,6166
10-08-2027,,-39,-6252,6175
11-08-2027,,-39,-6261,6184
12-08-2027,,-39,-6270,6193
13-08-2027,,-39,-6279,6201
14-08-2027,,-39,-6288,6210
15-08-2027,,-39,-6297,6219
16-08-2027,,-39,-6306,6228
17-08-2027,,-39,-6315,6237
18-08-2027,,-39,-6324,6245
19-08-2027,,-39,-6333,6254
20-08-2027,,-39,-6342,6263
21-08-2027,,-40,-6351,6272
22-08-2027,,-40,-6360,6281
23-08-2027,,-40,-6369,6289
24-08-2027,,-40,-6378,6298
25-08-2027,,-40,-6387,6307
26-08-2027,,-40,-6396,6316
27-08-2027,,-40,-6405,6325
28-08-2027,,-40,-6414,6334
29-08-2027,,-40,-6423,6343
30-08-2027,,-40,-6432,6351
31-08-2027,,-40,-6441,6360
01-09-2027,,-40,-6450,6369
02-09-2027,,-41,-6459,6378
03-09-2027,,-41,-6468,6387
04-09-2027,,-41,-6477,6396
05-09-2027,,-41,-6486,6405
06-09-2027,,-41,-6495,6413
07-09-2027,,-41,-6504,6422
08-09-2027,,-41,-6513,6431
09-09-2027,,-41,-6522,6440
10-09-2027,,-41,-6531,6449
11-09-2027,,-41,-6540,6458
12-09-2027,,-41,-6549,6467
13-09-2027,,-41,-6558,6476
14-09-2027,,-41,-6568,6485
15-09-2027,,-42,-6577,6494
16-09-2027,,-42,-6586,6502
17-09-2027,,-42,-6595,6511
18-09-2027,,-42,-6604,6520
19-09-2027,,-42,-6613,6529
20-09-2027,,-42,-6622,6538
21-09-2027,,-42,-6631,6547
22-09-2027,,-42,-6640,6556
23-09-2027,,-42,-6649,6565
24-09-2027,,-42,-6659,6574
25-09-2027,,-42,-6668,6583
26-09-2027,,-42,-6677,6592
27-09-2027,,-42,-6686,6601
28-09-2027,,-43,-6695,6610
29-09-2027,,-43,-6704,6619
30-09-2027,,-43,-6713,6628
01-10-2027,,-43,-6722,6637
02-10-2027,,-43,-6732,6646
03-10-2027,,-43,-6741,6655
04-10-2027,,-43,-6750,6664
05-10-2027,,-43,-6759,6673
06-10-2027,,-43,-6768,6682
07-10-2027,,-43,-6777,6691
08-10-2027,,-43,-6787,6700
09-10-2027,,-43,-6796,6709
10-10-2027,,-44,-6805,6718
11-10-2027,,-44,-6814,6727
12-10-2027,,-44,-6823,6736
13-10-2027,,-44,-6832,6745
14-10-2027,,-44,-6842,6754
15-10-2027,,-44,-6851,6763
16-10-2027,,-44,-6860,6772
17-10-2027,,-44,-6869,6781
18-10-2027,,-44,-6879,6790
19-10-2027,,-44,-6888,6799
20-10-2027,,-44,-6897,6808
21-10-2027,,-44,-6906,6817
22-10-2027,,-44,-6915,6826
23-10-2027,,-45,-6925,6836
24-10-2027,,-45,-6934,6845
25-10-2027,,-45,-6943,6854
26-10-2027,,-45,-6952,6863
27-10-2027,,-45,-6962,6872
28-10-2027,,-45,-6971,6881
29-10-2027,,-45,-6980,6890
30-10-2027,,-45,-6989,6899
31-10-2027,,-45,-6999,6908
01-11-2027,,-45,-7008,6917
02-11-2027,,-45,-7017,6926
03-11-2027,,-45,-7026,6936
04-11-2027,,-46,-7036,6945
05-11-2027,,-46,-7045,6954
06-11-2027,,-46,-7054,6963
07-11-2027,,-46,-7064,6972
08-11-2027,,-46,-7073,6981
09-11-2027,,-46,-7082,6990
10-11-2027,,-46,-7092,7000
11-11-2027,,-46,-7101,7009
12-11-2027,,-46,-7110,7018
13-11-2027,,-46,-7119,7027
14-11-2027,,-46,-7129,7036
15-11-2027,,-46,-7138,7045
16-11-2027,,-46,-7147,7055
17-11-2027,,-47,-7157,7064
18-11-2027,,-47,-7166,7073
19-11-2027,,-47,-7175,7082
20-11-2027,,-47,-7185,7091
21-11-2027,,-47,-7194,7100
22-11-2027,,-47,-7204,7110
23-11-2027,,-47,-7213,7119
24-11-2027,,-47,-7222,7128
25-11-2027,,-47,-7232,7137
26-11-2027,,-47,-7241,7146
27-11-2027,,-47,-7250,7156
28-11-2027,,-47,-7260,7165
29-11-2027,,-48,-7269,7174
30-11-2027,,-48,-7279,7183
01-12-2027,,-48,-7288,7193
02-12-2027,,-48,-7297,7202
03-12-2027,,-48,-7307,7211
04-12-2027,,-48,-7316,7220
05-12-2027,,-48,-7326,7230
06-12-2027,,-48,-7335,7239
07-12-2027,,-48,-7344,7248
08-12-2027,,-48,-7354,7257
09-12-2027,,-48,-7363,7267
10-12-2027,,-48,-7373,7276
11-12-2027,,-48,-7382,7285
12-12-2027,,-49,-7392,7294
13-12-2027,,-49,-7401,7304
14-12-2027,,-49,-7410,7313
15-12-2027,,-49,-7420,7322
16-12-2027,,-49,-7429,7332
17-12-2027,,-49,-7439,7341
18-12-2027,,-49,-7448,7350
19-12-2027,,-49,-7458,7359
20-12-2027,,-49,-7467,7369
21-12-2027,,-49,-7477,7378
22-12-2027,,-49,-7486,7387
23-12-2027,,-49,-7496,7397
24-12-2027,,-49,-7505,7406
25-12-2027,,-50,-7515,7415
26-12-2027,,-50,-7524,7425
27-12-2027,,-50,-7534,7434
28-12-2027,,-50,-7543,7443
29-12-2027,,-50,-7553,7453
30-12-2027,,-50,-7562,7462
31-12-2027,,-50,-7572,7471
01-01-2028,,-50,-7581,7481
02-01-2028,,-50,-7591,7490
03-01-2028,,-50,-7600,7500
04-01-2028,,-50,-7610,7509
05-01-2028,,-50,-7619,7518
06-01-2028,,-51,-7629,7528
07-01-2028,,-51,-7638,7537
08-01-2028,,-51,-7648,7546
09-01-2028,,-51,-7657,7556
10-01-2028,,-51,-7667,7565
11-01-2028,,-51,-7676,7575
12-01-2028,,-51,-7686,7584
13-01-2028,,-51,-7696,7593
14-01-2028,,-51,-7705,7603
15-01-2028,,-51,-7715,7612
16-01-2028,,-51,-7724,7622
17-01-2028,,-51,-7734,7631
18-01-2028,,-51,-7743,7640
19-01-2028,,-52,-7753,7650
20-01-2028,,-52,-7763,7659
21-01-2028,,-52,-7772,7669
22-01-2028,,-52,-7782,7678
23-01-2028,,-52,-7791,7688
24-01-2028,,-52,-7801,7697
25-01-2028,,-52,-7811,7707
26-01-2028,,-52,-7820,7716
27-01-2028,,-52,-7830,7725
28-01-2028,,-52,-7839,7735
29-01-2028,,-52,-7849,7744
30-01-2028,,-52,-7859,7754
31-01-2028,,-53,-7868,7763
01-02-2028,,-53,-7878,7773
02-02-2028,,-53,-7888,7782
03-02-2028,,-53,-7897,7792
04-02-2028,,-53,-7907,7801
05-02-2028,,-53,-7917,7811
06-02-2028,,-53,-7926,7820
07-02-2028,,-53,-7936,7830
08-02-2028,,-53,-7946,7839
09-02-2028,,-53,-7955,7849
10-02-2028,,-53,-7965,7858
11-02-2028,,-53,-7975,7868
12-02-2028,,-53,-7984,7877
13-02-2028,,-54,-7994,7887
14-02-2028,,-54,-8004,7896
15-02-2028,,-54,-8013,7906
16-02-2028,,-54,-8023,7915
17-02-2028,,-54,-8033,7925
18-02-2028,,-54,-8042,7935
19-02-2028,,-54,-8052,7944
20-02-2028,,-54,-8062,7954
21-02-2028,,-54,-8072,7963
22-02-2028,,-54,-8081,7973
23-02-2028,,-54,-8091,7982
24-02-2028,,-54,-8101,7992
25-02-2028,,-54,-8110,8001
26-02-2028,,-55,-8120,8011
27-02-2028,,-55,-8130,8021
28-02-2028,,-55,-8140,8030
29-02-2028,,-55,-8149,8040
01-03-2028,,-55,-8159,8049
02-03-2028,,-55,-8169,8059
03-03-2028,,-55,-8179,8069
04-03-2028,,-55,-8188,8078
05-03-2028,,-55,-8198,8088
06-03-2028,,-55,-8208,8097
07-03-2028,,-55,-8218,8107
08-03-2028,,-55,-8228,8117
09-03-2028,,-56,-8237,8126
10-03-2028,,-56,-8247,8136
11-03-2028,,-56,-8257,8146
12-03-2028,,-56,-8267,8155
13-03-2028,,-56,-8277,8165
14-03-2028,,-56,-8286,8174
15-03-2028,,-56,-8296,8184
16-03-2028,,-56,-8306,8194
17-03-2028,,-56,-8316,8203
18-03-2028,,-56,-8326,8213
19-03-2028,,-56,-8335,8223
20-03-2028,,-56,-8345,8232
21-03-2028,,-56,-8355,8242
22-03-2028,,-57,-8365,8252
23-03-2028,,-57,-8375,8261
24-03-2028,,-57,-8385,8271
25-03-2028,,-57,-8394,8281
26-03-2028,,-57,-8404,8290
27-03-2028,,-57,-8414,8300
28-03-2028,,-57,-8424,8310
29-03-2028,,-57,-8434,8320
30-03-2028,,-57,-8444,8329
31-03-2028,,-57,-8453,8339
01-04-2028,,-57,-8463,8349
02-04-2028,,-57,-8473,8358
03-04-2028,,-58,-8483,8368
04-04-2028,,-58,-8493,8378
05-04-2028,,-58,-8503,8388
06-04-2028,,-58,-8513,8397
07-04-2028,,-58,-8523,8407
08-04-2028,,-58,-8533,8417
09-04-2028,,-58,-8542,8426
10-04-2028,,-58,-8552,8436
11-04-2028,,-58,-8562,8446
12-04-2028,,-58,-8572,8456
13-04-2028,,-58,-8582,8465
14-04-2028,,-58,-8592,8475
15-04-2028,,-58,-8602,8485
16-04-2028,,-59,-8612,8495
17-04-2028,,-59,-8622,8505
18-04-2028,,-59,-8632,8514
19-04-2028,,-59,-8642,8524
20-04-2028,,-59,-8652,8534
21-04-2028,,-59,-8662,8544
22-04-2028,,-59,-8672,8553
23-04-2028,,-59,-8681,8563
24-04-2028,,-59,-8691,8573
25-04-2028,,-59,-8701,8583
26-04-2028,,-59,-8711,8593
27-04-2028,,-59,-8721,8602
28-04-2028,,-60,-8731,8612
29-04-2028,,-60,-8741,8622
30-04-2028,,-60,-8751,8632
01-05-2028,,-60,-8761,8642
02-05-2028,,-60,-8771,8652
03-05-2028,,-60,-8781,8661
04-05-2028,,-60,-8791,8671
05-05-2028,,-60,-8801,8681
06-05-2028,,-60,-8811,8691
07-05-2028,,-60,-8821,8701
08-05-2028,,-60,-8831,8711
09-05-2028,,-60,-8841,8720
10-05-2028,,-60,-8851,8730
11-05-2028,,-61,-8861,8740
12-05-2028,,-61,-8871,8750
13-05-2028,,-61,-8881,8760
14-05-2028,,-61,-8891,8770
15-05-2028,,-61,-8901,8780
16-05-2028,,-61,-8911,8790
17-05-2028,,-61,-8921,8799
18-05-2028,,-61,-8932,8809
19-05-2028,,-61,-8942,8819
20-05-2028,,-61,-8952,8829
21-05-2028,,-61,-8962,8839
22-05-2028,,-61,-8972,8849
23-05-2028,,-61,-8982,8859
24-05-2028,,-62,-8992,8869
25-05-2028,,-62,-9002,8879
26-05-2028,,-62,-9012,8889
27-05-2028,,-62,-9022,8898
28-05-2028,,-62,-9032,8908
29-05-2028,,-62,-9042,8918
30-05-2028,,-62,-9052,8928
31-05-2028,,-62,-9062,8938
01-06-2028,,-62,-9073,8948
02-06-2028,,-62,-9083,8958
03-06-2028,,-62,-9093,8968
04-06-2028,,-62,-9103,8978
05-06-2028,,-63,-9113,8988
06-06-2028,,-63,-9123,8998
07-06-2028,,-63,-9133,9008
08-06-2028,,-63,-9143,9018
09-06-2028,,-63,-9153,9028
10-06-2028,,-63,-9164,9038
11-06-2028,,-63,-9174,9048
12-06-2028,,-63,-9184,9058
13-06-2028,,-63,-9194,9068
14-06-2028,,-63,-9204,9078
15-06-2028,,-63,-9214,9088
16-06-2028,,-63,-9225,9098
17-06-2028,,-63,-9235,9108
18-06-2028,,-64,-9245,9118
19-06-2028,,-64,-9255,9128
20-06-2028,,-64,-9265,9138
21-06-2028,,-64,-9275,9148
22-06-2028,,-64,-9286,9158
23-06-2028,,-64,-9296,9168
24-06-2028,,-64,-9306,9178
25-06-2028,,-64,-9316,9188
26-06-2028,,-64,-9326,9198
27-06-2028,,-64,-9336,9208
28-06-2028,,-64,-9347,9218
29-06-2028,,-64,-9357,9228
30-06-2028,,-65,-9367,9238
01-07-2028,,-65,-9377,9248
02-07-2028,,-65,-9387,9258
03-07-2028,,-65,-9398,9268
04-07-2028,,-65,-9408,9278
05-07-2028,,-65,-9418,9288
06-07-2028,,-65,-9428,9298
07-07-2028,,-65,-9439,9308
08-07-2028,,-65,-9449,9319
09-07-2028,,-65,-9459,9329
10-07-2028,,-65,-9469,9339
11-07-2028,,-65,-9480,9349
12-07-2028,,-65,-9490,9359
13-07-2028,,-66,-9500,9369
14-07-2028,,-66,-9510,9379
15-07-2028,,-66,-9521,9389
16-07-2028,,-66,-9531,9399
17-07-2028,,-66,-9541,9409
18-07-2028,,-66,-9551,9420
19-07-2028,,-66,-9562,9430
20-07-2028,,-66,-9572,9440
21-07-2028,,-66,-9582,9450
22-07-2028,,-66,-9593,9460
23-07-2028,,-66,-9603,9470
24-07-2028,,-66,-9613,9480
25-07-2028,,-66,-9623,9490
26-07-2028,,-67,-9634,9501
27-07-2028,,-67,-9644,9511
28-07-2028,,-67,-9654,9521
29-07-2028,,-67,-9665,9531
30-07-2028,,-67,-9675,9541
31-07-2028,,-67,-9685,9551
01-08-2028,,-67,-9696,9562
02-08-2028,,-67,-9706,9572
03-08-2028,,-67,-9716,9582
04-08-2028,,-67,-9727,9592
05-08-2028,,-67,-9737,9602
06-08-2028,,-67,-9747,9612
07-08-2028,,-68,-9758,9623
08-08-2028,,-68,-9768,9633
09-08-2028,,-68,-9778,9643
10-08-2028,,-68,-9789,9653
11-08-2028,,-68,-9799,9663
12-08-2028,,-68,-9809,9674
13-08-2028,,-68,-9820,9684
14-08-2028,,-68,-9830,9694
15-08-2028,,-68,-9841,9704
16-08-2028,,-68,-9851,9714
17-08-2028,,-68,-9861,9725
18-08-2028,,-68,-9872,9735
19-08-2028,,-68,-9882,9745
20-08-2028,,-69,-9892,9755
21-08-2028,,-69,-9903,9766
22-08-2028,,-69,-9913,9776
23-08-2028,,-69,-9924,9786
24-08-2028,,-69,-9934,9796
25-08-2028,,-69,-9945,9807
26-08-2028,,-69,-9955,9817
27-08-2028,,-69,-9965,9827
28-08-2028,,-69,-9976,9837
29-08-2028,,-69,-9986,9848
30-08-2028,,-69,-9997,9858
31-08-2028,,-69,-10007,9868
01-09-2028,,-70,-10017,9878
02-09-2028,,-70,-10028,9889
03-09-2028,,-70,-10038,9899
04-09-2028,,-70,-10049,9909
05-09-2028,,-70,-10059,9920
06-09-2028,,-70,-10070,9930
07-09-2028,,-70,-10080,9940
08-09-2028,,-70,-10091,9951
09-09-2028,,-70,-10101,9961
10-09-2028,,-70,-10112,9971
11-09-2028,,-70,-10122,9981
12-09-2028,,-70,-10133,9992
13-09-2028,,-70,-10143,10002
14-09-2028,,-71,-10154,10012
15-09-2028,,-71,-10164,10023
16-09-2028,,-71,-10174,10033
17-09-2028,,-71,-10185,10043
18-09-2028,,-71,-10195,10054
19-09-2028,,-71,-10206,10064
20-09-2028,,-71,-10216,10074
21-09-2028,,-71,-10227,10085
22-09-2028,,-71,-10238,10095
23-09-2028,,-71,-10248,10105
24-09-2028,,-71,-10259,10116
25-09-2028,,-71,-10269,10126
26-09-2028,,-72,-10280,10137
27-09-2028,,-72,-10290,10147
28-09-2028,,-72,-10301,10157
29-09-2028,,-72,-10311,10168
30-09-2028,,-72,-10322,10178
01-10-2028,,-72,-10332,10188
02-10-2028,,-72,-10343,10199
03-10-2028,,-72,-10353,10209
04-10-2028,,-72,-10364,10220
05-10-2028,,-72,-10374,10230
06-10-2028,,-72,-10385,10240
07-10-2028,,-72,-10396,10251
08-10-2028,,-72,-10406,10261
09-10-2028,,-73,-10417,10272
10-10-2028,,-73,-10427,10282
11-10-2028,,-73,-10438,10293
12-10-2028,,-73,-10448,10303
13-10-2028,,-73,-10459,10313
14-10-2028,,-73,-10470,10324
15-10-2028,,-73,-10480,10334
16-10-2028,,-73,-10491,10345
17-10-2028,,-73,-10501,10355
18-10-2028,,-73,-10512,10366
19-10-2028,,-73,-10523,10376
20-10-2028,,-73,-10533,10386
21-10-2028,,-73,-10544,10397
22-10-2028,,-74,-10555,10407
23-10-2028,,-74,-10565,10418
24-10-2028,,-74,-10576,10428
25-10-2028,,-74,-10586,10439
26-10-2028,,-74,-10597,10449
27-10-2028,,-74,-10608,10460
28-10-2028,,-74,-10618,10470
29-10-2028,,-74,-10629,10481
30-10-2028,,-74,-10640,10491
31-10-2028,,-74,-10650,10502
01-11-2028,,-74,-10661,10512
02-11-2028,,-74,-10672,10523
03-11-2028,,-75,-10682,10533
04-11-2028,,-75,-10693,10544
05-11-2028,,-75,-10704,10554
06-11-2028,,-75,-10714,10565
07-11-2028,,-75,-10725,10575
08-11-2028,,-75,-10736,10586
09-11-2028,,-75,-10746,10596
10-11-2028,,-75,-10757,10607
11-11-2028,,-75,-10768,10617
12-11-2028,,-75,-10778,10628
13-11-2028,,-75,-10789,10638
14-11-2028,,-75,-10800,10649
15-11-2028,,-75,-10810,10659
16-11-2028,,-76,-10821,10670
17-11-2028,,-76,-10832,10681
18-11-2028,,-76,-10843,10691
19-11-2028,,-76,-10853,10702
20-11-2028,,-76,-10864,10712
21-11-2028,,-76,-10875,10723
22-11-2028,,-76,-10885,10733
23-11-2028,,-76,-10896,10744
24-11-2028,,-76,-10907,10755
25-11-2028,,-76,-10918,10765
26-11-2028,,-76,-10928,10776
27-11-2028,,-76,-10939,10786
28-11-2028,,-77,-10950,10797
29-11-2028,,-77,-10961,10807
30-11-2028,,-77,-10971,10818
01-12-2028,,-77,-10982,10829
02-12-2028,,-77,-10993,10839
03-12-2028,,-77,-11004,10850
04-12-2028,,-77,-11014,10861
05-12-2028,,-77,-11025,10871
06-12-2028,,-77,-11036,10882
07-12-2028,,-77,-11047,10892
08-12-2028,,-77,-11058,10903
09-12-2028,,-77,-11068,10914
10-12-2028,,-77,-11079,10924
11-12-2028,,-78,-11090,10935
12-12-2028,,-78,-11101,10946
13-12-2028,,-78,-11112,10956
14-12-2028,,-78,-11122,10967
15-12-2028,,-78,-11133,10977
16-12-2028,,-78,-11144,10988
17-12-2028,,-78,-11155,10999
18-12-2028,,-78,-11166,11009
19-12-2028,,-78,-11176,11020
20-12-2028,,-78,-11187,11031
21-12-2028,,-78,-11198,11041
22-12-2028,,-78,-11209,11052
23-12-2028,,-79,-11220,11063
24-12-2028,,-79,-11231,11073
25-12-2028,,-79,-11241,11084
26-12-2028,,-79,-11252,11095
27-12-2028,,-79,-11263,11106
28-12-2028,,-79,-11274,11116
29-12-2028,,-79,-11285,11127
30-12-2028,,-79,-11296,11138
31-12-2028,,-79,-11307,11148
01-01-2029,,-79,-11317,11159
02-01-2029,,-79,-11328,11170
03-01-2029,,-79,-11339,11180
04-01-2029,,-79,-11350,11191
05-01-2029,,-80,-11361,11202
06-01-2029,,-80,-11372,11213
07-01-2029,,-80,-11383,11223
08-01-2029,,-80,-11394,11234
09-01-2029,,-80,-11405,11245
10-01-2029,,-80,-11415,11256
11-01-2029,,-80,-11426,11266
12-01-2029,,-80,-11437,11277
13-01-2029,,-80,-11448,11288
14-01-2029,,-80,-11459,11299
15-01-2029,,-80,-11470,11309
16-01-2029,,-80,-11481,11320
17-01-2029,,-80,-11492,11331
18-01-2029,,-81,-11503,11342
19-01-2029,,-81,-11514,11352
20-01-2029,,-81,-11525,11363
21-01-2029,,-81,-11536,11374
22-01-2029,,-81,-11546,11385
23-01-2029,,-81,-11557,11396
24-01-2029,,-81,-11568,11406
25-01-2029,,-81,-11579,11417
26-01-2029,,-81,-11590,11428
27-01-2029,,-81,-11601,11439
28-01-2029,,-81,-11612,11449
29-01-2029,,-81,-11623,11460
30-01-2029,,-82,-11634,11471
31-01-2029,,-82,-11645,11482
01-02-2029,,-82,-11656,11493
02-02-2029,,-82,-11667,11504
03-02-2029,,-82,-11678,11514
04-02-2029,,-82,-11689,11525
05-02-2029,,-82,-11700,11536
06-02-2029,,-82,-11711,11547
07-02-2029,,-82,-11722,11558
08-02-2029,,-82,-11733,11569
09-02-2029,,-82,-11744,11579
10-02-2029,,-82,-11755,11590
11-02-2029,,-82,-11766,11601
12-02-2029,,-83,-11777,11612
13-02-2029,,-83,-11788,11623
14-02-2029,,-83,-11799,11634
15-02-2029,,-83,-11810,11645
16-02-2029,,-83,-11821,11655
17-02-2029,,-83,-11832,11666
18-02-2029,,-83,-11843,11677
19-02-2029,,-83,-11854,11688
20-02-2029,,-83,-11865,11699
21-02-2029,,-83,-11876,11710
22-02-2029,,-83,-11887,11721
23-02-2029,,-83,-11898,11732
24-02-2029,,-84,-11909,11742
25-02-2029,,-84,-11921,11753
26-02-2029,,-84,-11932,11764
27-02-2029,,-84,-11943,11775
28-02-2029,,-84,-11954,11786
01-03-2029,,-84,-11965,11797
02-03-2029,,-84,-11976,11808
03-03-2029,,-84,-11987,11819
04-03-2029,,-84,-11998,11830
05-03-2029,,-84,-12009,11841
06-03-2029,,-84,-12020,11852
07-03-2029,,-84,-12031,11862
08-03-2029,,-84,-12042,11873
09-03-2029,,-85,-12053,11884
10-03-2029,,-85,-12065,11895
11-03-2029,,-85,-12076,11906
12-03-2029,,-85,-12087,11917
13-03-2029,,-85,-12098,11928
14-03-2029,,-85,-12109,11939
15-03-2029,,-85,-12120,11950
16-03-2029,,-85,-12131,11961
17-03-2029,,-85,-12142,11972
18-03-2029,,-85,-12153,11983
19-03-2029,,-85,-12165,11994
20-03-2029,,-85,-12176,12005
21-03-2029,,-85,-12187,12016
22-03-2029,,-86,-12198,12027
23-03-2029,,-86,-12209,12038
24-03-2029,,-86,-12220,12049
25-03-2029,,-86,-12231,12060
26-03-2029,,-86,-12243,12071
27-03-2029,,-86,-12254,12082
28-03-2029,,-86,-12265,12093
29-03-2029,,-86,-12276,12104
30-03-2029,,-86,-12287,12115
31-03-2029,,-86,-12298,12126
01-04-2029,,-86,-12310,12137
02-04-2029,,-86,-12321,12148
03-04-2029,,-87,-12332,12159
04-04-2029,,-87,-12343,12170
05-04-2029,,-87,-12354,12181
06-04-2029,,-87,-12366,12192
07-04-2029,,-87,-12377,12203
08-04-2029,,-87,-12388,12214
09-04-2029,,-87,-12399,12225
10-04-2029,,-87,-12410,12236
11-04-2029,,-87,-12422,12247
12-04-2029,,-87,-12433,12258
13-04-2029,,-87,-12444,12269
14-04-2029,,-87,-12455,12280
15-04-2029,,-87,-12466,12291
16-04-2029,,-88,-12478,12303
17-04-2029,,-88,-12489,12314
18-04-2029,,-88,-12500,12325
19-04-2029,,-88,-12511,12336
20-04-2029,,-88,-12523,12347
21-04-2029,,-88,-12534,12358
22-04-2029,,-88,-12545,12369
23-04-2029,,-88,-12556,12380
24-04-2029,,-88,-12568,12391
25-04-2029,,-88,-12579,12402
26-04-2029,,-88,-12590,12413
27-04-2029,,-88,-12601,12424
28-04-2029,,-89,-12613,12436
29-04-2029,,-89,-12624,12447
30-04-2029,,-89,-12635,12458
01-05-2029,,-89,-12646,12469
02-05-2029,,-89,-12658,12480
03-05-2029,,-89,-12669,12491
04-05-2029,,-89,-12680,12502
05-05-2029,,-89,-12692,12513
06-05-2029,,-89,-12703,12525
07-05-2029,,-89,-12714,12536
08-05-2029,,-89,-12725,12547
09-05-2029,,-89,-12737,12558
10-05-2029,,-89,-12748,12569
11-05-2029,,-90,-12759,12580
12-05-2029,,-90,-12771,12591
13-05-2029,,-90,-12782,12603
14-05-2029,,-90,-12793,12614
15-05-2029,,-90,-12805,12625
16-05-2029,,-90,-12816,12636
17-05-2029,,-90,-12827,12647
18-05-2029,,-90,-12839,12658
19-05-2029,,-90,-12850,12670
20-05-2029,,-90,-12861,12681
21-05-2029,,-90,-12873,12692
22-05-2029,,-90,-12884,12703
23-05-2029,,-91,-12895,12714
24-05-2029,,-91,-12907,12725
25-05-2029,,-91,-12918,12737
26-05-2029,,-91,-12929,12748
27-05-2029,,-91,-12941,12759
28-05-2029,,-91,-12952,12770
29-05-2029,,-91,-12963,12782
30-05-2029,,-91,-12975,12793
31-05-2029,,-91,-12986,12804
01-06-2029,,-91,-12998,12815
02-06-2029,,-91,-13009,12826
03-06-2029,,-91,-13020,12838
04-06-2029,,-91,-13032,12849
05-06-2029,,-92,-13043,12860
06-06-2029,,-92,-13055,12871
07-06-2029,,-92,-13066,12883
08-06-2029,,-92,-13077,12894
09-06-2029,,-92,-13089,12905
10-06-2029,,-92,-13100,12916
11-06-2029,,-92,-13112,12928
12-06-2029,,-92,-13123,12939
13-06-2029,,-92,-13134,12950
14-06-2029,,-92,-13146,12961
15-06-2029,,-92,-13157,12973
16-06-2029,,-92,-13169,12984
17-06-2029,,-92,-13180,12995
18-06-2029,,-93,-13192,13006
19-06-2029,,-93,-13203,13018
20-06-2029,,-93,-13214,13029
21-06-2029,,-93,-13226,13040
22-06-2029,,-93,-13237,13052
23-06-2029,,-93,-13249,13063
24-06-2029,,-93,-13260,13074
25-06-2029,,-93,-13272,13085
26-06-2029,,-93,-13283,13097
27-06-2029,,-93,-13295,13108
28-06-2029,,-93,-13306,13119
29-06-2029,,-93,-13318,13131
30-06-2029,,-94,-13329,13142
01-07-2029,,-94,-13340,13153
02-07-2029,,-94,-13352,13165
03-07-2029,,-94,-13363,13176
04-07-2029,,-94,-13375,13187
05-07-2029,,-94,-13386,13199
06-07-2029,,-94,-13398,13210
07-07-2029,,-94,-13409,13221
08-07-2029,,-94,-13421,13233
09-07-2029,,-94,-13432,13244
10-07-2029,,-94,-13444,13255
11-07-2029,,-94,-13455,13267
12-07-2029,,-94,-13467,13278
13-07-2029,,-95,-13478,13289
14-07-2029,,-95,-13490,13301
15-07-2029,,-95,-13502,13312
16-07-2029,,-95,-13513,13323
17-07-2029,,-95,-13525,13335
18-07-2029,,-95,-13536,13346
19-07-2029,,-95,-13548,13358
20-07-2029,,-95,-13559,13369
21-07-2029,,-95,-13571,13380
22-07-2029,,-95,-13582,13392
23-07-2029,,-95,-13594,13403
24-07-2029,,-95,-13605,13414
25-07-2029,,-96,-13617,13426
26-07-2029,,-96,-13628,13437
27-07-2029,,-96,-13640,13449
28-07-2029,,-96,-13652,13460
29-07-2029,,-96,-13663,13471
30-07-2029,,-96,-13675,13483
31-07-2029,,-96,-13686,13494
01-08-2029,,-96,-13698,13506
02-08-2029,,-96,-13709,13517
03-08-2029,,-96,-13721,13529
04-08-2029,,-96,-13733,13540
05-08-2029,,-96,-13744,13551
06-08-2029,,-96,-13756,13563
07-08-2029,,-97,-13767,13574
08-08-2029,,-97,-13779,13586
09-08-2029,,-97,-13791,13597
10-08-2029,,-97,-13802,13609
11-08-2029,,-97,-13814,13620
12-08-2029,,-97,-13825,13632
13-08-2029,,-97,-13837,13643
14-08-2029,,-97,-13849,13654
15-08-2029,,-97,-13860,13666
16-08-2029,,-97,-13872,13677
17-08-2029,,-97,-13884,13689
18-08-2029,,-97,-13895,13700
19-08-2029,,-98,-13907,13712
20-08-2029,,-98,-13918,13723
21-08-2029,,-98,-13930,13735
22-08-2029,,-98,-13942,13746
23-08-2029,,-98,-13953,13758
24-08-2029,,-98,-13965,13769
25-08-2029,,-98,-13977,13781
26-08-2029,,-98,-13988,13792
27-08-2029,,-98,-14000,13804
28-08-2029,,-98,-14012,13815
29-08-2029,,-98,-14023,13827
30-08-2029,,-98,-14035,13838
31-08-2029,,-98,-14047,13850
01-09-2029,,-99,-14058,13861
02-09-2029,,-99,-14070,13873
03-09-2029,,-99,-14082,13884
04-09-2029,,-99,-14093,13896
05-09-2029,,-99,-14105,13907
06-09-2029,,-99,-14117,13919
07-09-2029,,-99,-14129,13931
08-09-2029,,-99,-14140,13942
09-09-2029,,-99,-14152,13954
10-09-2029,,-99,-14164,13965
11-09-2029,,-99,-14175,13977
12-09-2029,,-99,-14187,13988
13-09-2029,,-99,-14199,14000
14-09-2029,,-100,-14211,14011
15-09-2029,,-100,-14222,14023
16-09-2029,,-100,-14234,14035
17-09-2029,,-100,-14246,14046
18-09-2029,,-100,-14257,14058
19-09-2029,,-100,-14269,14069
20-09-2029,,-100,-14281,14081
21-09-2029,,-100,-14293,14092
22-09-2029,,-100,-14304,14104
23-09-2029,,-100,-14316,14116
24-09-2029,,-100,-14328,14127
25-09-2029,,-100,-14340,14139
26-09-2029,,-101,-14351,14150
27-09-2029,,-101,-14363,14162
28-09-2029,,-101,-14375,14174
29-09-2029,,-101,-14387,14185
30-09-2029,,-101,-14398,14197
01-10-2029,,-101,-14410,14208
02-10-2029,,-101,-14422,14220
03-10-2029,,-101,-14434,14232
04-10-2029,,-101,-14446,14243
05-10-2029,,-101,-14457,14255
06-10-2029,,-101,-14469,14267
07-10-2029,,-101,-14481,14278
08-10-2029,,-101,-14493,14290
09-10-2029,,-102,-14505,14301
10-10-2029,,-102,-14516,14313
11-10-2029,,-102,-14528,14325
12-10-2029,,-102,-14540,14336
13-10-2029,,-102,-14552,14348
14-10-2029,,-102,-14564,14360
15-10-2029,,-102,-14575,14371
16-10-2029,,-102,-14587,14383
17-10-2029,,-102,-14599,14395
18-10-2029,,-102,-14611,14406
19-10-2029,,-102,-14623,14418
20-10-2029,,-102,-14635,14430
21-10-2029,,-103,-14646,14441
22-10-2029,,-103,-14658,14453
23-10-2029,,-103,-14670,14465
24-10-2029,,-103,-14682,14476
25-10-2029,,-103,-14694,14488
26-10-2029,,-103,-14706,14500
27-10-2029,,-103,-14717,14512
28-10-2029,,-103,-14729,14523
29-10-2029,,-103,-14741,14535
30-10-2029,,-103,-14753,14547
31-10-2029,,-103,-14765,14558
01-11-2029,,-103,-14777,14570
02-11-2029,,-103,-14789,14582
03-11-2029,,-104,-14801,14593
04-11-2029,,-104,-14812,14605
05-11-2029,,-104,-14824,14617
06-11-2029,,-104,-14836,14629
07-11-2029,,-104,-14848,14640
08-11-2029,,-104,-14860,14652
09-11-2029,,-104,-14872,14664
10-11-2029,,-104,-14884,14676
11-11-2029,,-104,-14896,14687
12-11-2029,,-104,-14908,14699
13-11-2029,,-104,-14920,14711
14-11-2029,,-104,-14931,14723
15-11-2029,,-104,-14943,14734
16-11-2029,,-105,-14955,14746
17-11-2029,,-105,-14967,14758
18-11-2029,,-105,-14979,14770
19-11-2029,,-105,-14991,14781
20-11-2029,,-105,-15003,14793
21-11-2029,,-105,-15015,14805
22-11-2029,,-105,-15027,14817
23-11-2029,,-105,-15039,14829
24-11-2029,,-105,-15051,14840
25-11-2029,,-105,-15063,14852
26-11-2029,,-105,-15075,14864
27-11-2029,,-105,-15087,14876
28-11-2029,,-106,-15099,14888
29-11-2029,,-106,-15111,14899
30-11-2029,,-106,-15123,14911
01-12-2029,,-106,-15134,14923
02-12-2029,,-106,-15146,14935
03-12-2029,,-106,-15158,14947
04-12-2029,,-106,-15170,14958
05-12-2029,,-106,-15182,14970
06-12-2029,,-106,-15194,14982
07-12-2029,,-106,-15206,14994
08-12-2029,,-106,-15218,15006
09-12-2029,,-106,-15230,15018
10-12-2029,,-106,-15242,15029
11-12-2029,,-107,-15254,15041
12-12-2029,,-107,-15266,15053
13-12-2029,,-107,-15278,15065
14-12-2029,,-107,-15290,15077
15-12-2029,,-107,-15302,15089
16-12-2029,,-107,-15314,15100
17-12-2029,,-107,-15326,15112
18-12-2029,,-107,-15338,15124
19-12-2029,,-107,-15350,15136
20-12-2029,,-107,-15362,15148
21-12-2029,,-107,-15374,15160
22-12-2029,,-107,-15387,15172
23-12-2029,,-108,-15399,15184
24-12-2029,,-108,-15411,15195
25-12-2029,,-108,-15423,15207
26-12-2029,,-108,-15435,15219
27-12-2029,,-108,-15447,15231
28-12-2029,,-108,-15459,15243
29-12-2029,,-108,-15471,15255
30-12-2029,,-108,-15483,15267
31-12-2029,,-108,-15495,15279
01-01-2030,,-108,-15507,15291
02-01-2030,,-108,-15519,15302
03-01-2030,,-108,-15531,15314
04-01-2030,,-108,-15543,15326
05-01-2030,,-109,-15555,15338
06-01-2030,,-109,-15567,15350
07-01-2030,,-109,-15579,15362
08-01-2030,,-109,-15592,15374
09-01-2030,,-109,-15604,15386
10-01-2030,,-109,-15616,15398
11-01-2030,,-109,-15628,15410
12-01-2030,,-109,-15640,15422
13-01-2030,,-109,-15652,15434
14-01-2030,,-109,-15664,15446
15-01-2030,,-109,-15676,15458
16-01-2030,,-109,-15688,15470
17-01-2030,,-110,-15700,15481
18-01-2030,,-110,-15713,15493
19-01-2030,,-110,-15725,15505
20-01-2030,,-110,-15737,15517
21-01-2030,,-110,-15749,15529
22-01-2030,,-110,-15761,15541
23-01-2030,,-110,-15773,15553
24-01-2030,,-110,-15785,15565
25-01-2030,,-110,-15798,15577
26-01-2030,,-110,-15810,15589
27-01-2030,,-110,-15822,15601
28-01-2030,,-110,-15834,15613
29-01-2030,,-110,-15846,15625
30-01-2030,,-111,-15858,15637
31-01-2030,,-111,-15870,15649
01-02-2030,,-111,-15883,15661
02-02-2030,,-111,-15895,15673
03-02-2030,,-111,-15907,15685
04-02-2030,,-111,-15919,15697
05-02-2030,,-111,-15931,15709
06-02-2030,,-111,-15943,15721
07-02-2030,,-111,-15956,15733
08-02-2030,,-111,-15968,15745
09-02-2030,,-111,-15980,15757
10-02-2030,,-111,-15992,15769
11-02-2030,,-111,-16004,15781
12-02-2030,,-112,-16017,15793
13-02-2030,,-112,-16029,15805
14-02-2030,,-112,-16041,15817
15-02-2030,,-112,-16053,15830
16-02-2030,,-112,-16065,15842
17-02-2030,,-112,-16078,15854
18-02-2030,,-112,-16090,15866
19-02-2030,,-112,-16102,15878
20-02-2030,,-112,-16114,15890
21-02-2030,,-112,-16126,15902
22-02-2030,,-112,-16139,15914
23-02-2030,,-112,-16151,15926
24-02-2030,,-113,-16163,15938
25-02-2030,,-113,-16175,15950
26-02-2030,,-113,-16188,15962
27-02-2030,,-113,-16200,15974
28-02-2030,,-113,-16212,15986
01-03-2030,,-113,-16224,15998
02-03-2030,,-113,-16237,16011
03-03-2030,,-113,-16249,16023
04-03-2030,,-113,-16261,16035
05-03-2030,,-113,-16273,16047
06-03-2030,,-113,-16286,16059
07-03-2030,,-113,-16298,16071
08-03-2030,,-113,-16310,16083
09-03-2030,,-114,-16322,16095
10-03-2030,,-114,-16335,16107
11-03-2030,,-114,-16347,16120
12-03-2030,,-114,-16359,16132
13-03-2030,,-114,-16372,16144
14-03-2030,,-114,-16384,16156
15-03-2030,,-114,-16396,16168
16-03-2030,,-114,-16408,16180
17-03-2030,,-114,-16421,16192
18-03-2030,,-114,-16433,16204
19-03-2030,,-114,-16445,16217
20-03-2030,,-114,-16458,16229
21-03-2030,,-115,-16470,16241
22-03-2030,,-115,-16482,16253
23-03-2030,,-115,-16495,16265
24-03-2030,,-115,-16507,16277
25-03-2030,,-115,-16519,16289
26-03-2030,,-115,-16531,16302
27-03-2030,,-115,-16544,16314
28-03-2030,,-115,-16556,16326
29-03-2030,,-115,-16568,16338
30-03-2030,,-115,-16581,16350
31-03-2030,,-115,-16593,16363
